collection_date,observations,routes_present,expected_routes,observed_strata,required_strata,coverage_complete,structural_validation_pass,duplicate_qc_pass,representative_fares_pass,index_calculation_pass,contribution_reconciliation_pass,base_period_pass,national_index,movement_from_base_pct,publication_status,failed_checks,warnings
2026-09-02,1244,1,20,5,100,False,True,True,True,False,True,False,,,HOLD,"('coverage', 'index_calculation', 'base_period')","('validated_duplicate_flags_present_before_deduplication',)"
2026-09-03,373,1,20,5,100,False,True,True,True,False,True,False,,,HOLD,"('coverage', 'index_calculation', 'base_period')","('validated_duplicate_flags_present_before_deduplication',)"
2026-09-04,23260,20,20,100,100,True,True,True,True,True,True,True,100.0,,PUBLISHABLE,(),()
2026-09-05,19747,20,20,100,100,True,True,True,True,True,True,True,105.64171881648541,5.641718816485408,PUBLISHABLE,(),()
2026-09-06,37875,20,20,100,100,True,True,True,True,True,True,True,91.60613220975983,-13.286026357737867,PUBLISHABLE,(),()
2026-09-07,59272,20,20,100,100,True,True,True,True,True,True,True,72.70917288011202,-20.628487278971164,PUBLISHABLE,(),()
2026-09-08,117444,20,20,100,100,True,True,True,True,True,True,True,75.22840361047427,3.464804550199105,PUBLISHABLE,(),()
2026-09-09,58719,20,20,100,100,True,True,True,True,True,True,True,75.90527728265519,0.8997581228570368,PUBLISHABLE,(),()
2026-09-10,27957,20,20,100,100,True,True,True,True,True,True,True,82.04487116405717,8.088494108966131,PUBLISHABLE,(),()
2026-09-11,28565,20,20,100,100,True,True,True,True,True,True,True,80.43932882191893,-1.9569076279342141,PUBLISHABLE,(),()
2026-09-12,30970,20,20,100,100,True,True,True,True,True,True,True,76.38224908660678,-5.04365189855568,PUBLISHABLE,(),()
2026-09-13,31218,20,20,100,100,True,True,True,True,True,True,True,76.32454678225338,-0.07554412843745695,PUBLISHABLE,(),()
2026-09-14,31377,20,20,100,100,True,True,True,True,True,True,True,77.49650334913969,1.5354910265367039,PUBLISHABLE,(),()
2026-09-15,30925,20,20,100,100,True,True,True,True,True,True,True,78.59240526446233,1.414130790373008,PUBLISHABLE,(),()
2026-09-16,38832,20,20,100,100,True,True,True,True,True,True,True,85.38695345063933,8.645298694337484,PUBLISHABLE,(),()
2026-09-17,27097,20,20,100,100,True,True,True,True,True,True,True,124.48872208196666,45.793610207596146,PUBLISHABLE,(),()
2026-09-18,30181,20,20,100,100,True,True,True,True,True,True,True,125.06619403613415,0.4638749153415489,PUBLISHABLE,(),()
2026-09-20,27826,20,20,100,100,True,True,True,True,True,True,True,128.0013987997242,2.3469209934876574,PUBLISHABLE,(),()
2026-09-21,37245,20,20,100,100,True,True,True,True,True,True,True,126.08694802129807,-1.4956483260167772,PUBLISHABLE,(),"('validated_duplicate_flags_present_before_deduplication',)"
2026-09-22,41680,20,20,100,100,True,True,True,True,True,True,True,130.29475092718565,3.33722321931117,PUBLISHABLE,(),"('validated_duplicate_flags_present_before_deduplication',)"
2026-09-23,24976,20,20,100,100,True,True,True,True,True,True,True,129.98121922256402,-0.240632644362492,PUBLISHABLE,(),"('validated_duplicate_flags_present_before_deduplication',)"
2026-09-24,35193,20,20,100,100,True,True,True,True,True,True,True,134.51920963063097,3.4912662269282464,PUBLISHABLE,(),"('validated_duplicate_flags_present_before_deduplication',)"
2026-09-25,35543,20,20,100,100,True,True,True,True,True,True,True,133.3202620924209,-0.891283513709439,PUBLISHABLE,(),"('validated_duplicate_flags_present_before_deduplication',)"
2026-09-26,28048,20,20,100,100,True,True,True,True,True,True,True,130.4566570688474,-2.1479143369733293,PUBLISHABLE,(),"('validated_duplicate_flags_present_before_deduplication',)"
2026-09-27,51771,20,20,100,100,True,True,True,True,True,True,True,174.51428005550628,33.77184727599439,PUBLISHABLE,(),"('validated_duplicate_flags_present_before_deduplication',)"
2026-09-28,42392,20,20,100,100,True,True,True,True,True,True,True,167.02993731832973,-4.288670666260714,PUBLISHABLE,(),"('validated_duplicate_flags_present_before_deduplication',)"
2026-09-29,51499,20,20,100,100,True,True,True,True,True,True,True,170.23869068138208,1.92106481901925,PUBLISHABLE,(),"('validated_duplicate_flags_present_before_deduplication',)"
2026-09-30,52235,20,20,100,100,True,True,True,True,True,True,True,194.09216456708174,14.011781804844645,PUBLISHABLE,(),"('validated_duplicate_flags_present_before_deduplication',)"
2026-10-01,52300,20,20,100,100,True,True,True,True,True,True,True,203.27639423294048,4.731890999486751,PUBLISHABLE,(),"('validated_duplicate_flags_present_before_deduplication',)"
2026-10-02,50847,20,20,100,100,True,True,True,True,True,True,True,205.91231760340813,1.2967188740307165,PUBLISHABLE,(),"('validated_duplicate_flags_present_before_deduplication',)"
2026-10-03,50659,20,20,100,100,True,True,True,True,True,True,True,209.0443069190342,1.5210305784903824,PUBLISHABLE,(),"('validated_duplicate_flags_present_before_deduplication',)"
