collection_date,route,route_link_index,lead_time_strata,observations,previous_collection_date,route_index,route_weight,weighted_contribution
2026-09-02,DEL_BOM,,5,1244,,,0.05,
2026-09-03,DEL_BOM,,5,373,,,0.05,
2026-09-04,AMD_DEL,,5,809,,,0.05,
2026-09-04,BLR_BOM,,5,1139,,,0.05,
2026-09-04,BLR_DEL,,5,1474,,,0.05,
2026-09-04,BLR_HYD,,5,1067,,,0.05,
2026-09-04,BOM_BLR,,5,1394,,,0.05,
2026-09-04,BOM_DEL,,5,1579,,,0.05,
2026-09-04,BOM_GOI,,5,999,,,0.05,
2026-09-04,BOM_MAA,,5,1185,,,0.05,
2026-09-04,CCU_DEL,,5,940,,,0.05,
2026-09-04,DEL_AMD,,5,886,,,0.05,
2026-09-04,DEL_BLR,,5,1569,,,0.05,
2026-09-04,DEL_BOM,,5,1650,,,0.05,
2026-09-04,DEL_CCU,,5,891,,,0.05,
2026-09-04,DEL_GOI,,5,999,,,0.05,
2026-09-04,DEL_HYD,,5,912,,,0.05,
2026-09-04,DEL_MAA,,5,1297,,,0.05,
2026-09-04,HYD_BLR,,5,1099,,,0.05,
2026-09-04,HYD_DEL,,5,938,,,0.05,
2026-09-04,MAA_BOM,,5,1201,,,0.05,
2026-09-04,MAA_DEL,,5,1232,,,0.05,
2026-09-05,AMD_DEL,88.73369736895948,5,531,2026-09-04,100.0,0.05,5.0
2026-09-05,BLR_BOM,97.32129475818293,5,1103,2026-09-04,100.0,0.05,5.0
2026-09-05,BLR_DEL,105.51478105830677,5,1222,2026-09-04,100.0,0.05,5.0
2026-09-05,BLR_HYD,93.57725021102655,5,833,2026-09-04,100.0,0.05,5.0
2026-09-05,BOM_BLR,102.7687432419128,5,1166,2026-09-04,100.0,0.05,5.0
2026-09-05,BOM_DEL,111.06565576347336,5,1309,2026-09-04,100.0,0.05,5.0
2026-09-05,BOM_GOI,98.96744353645447,5,837,2026-09-04,100.0,0.05,5.0
2026-09-05,BOM_MAA,111.33985732870417,5,929,2026-09-04,100.0,0.05,5.0
2026-09-05,CCU_DEL,117.34296583753705,5,889,2026-09-04,100.0,0.05,5.0
2026-09-05,DEL_AMD,109.72602350288564,5,588,2026-09-04,100.0,0.05,5.0
2026-09-05,DEL_BLR,105.29165003136936,5,1313,2026-09-04,100.0,0.05,5.0
2026-09-05,DEL_BOM,119.56787210283667,5,1339,2026-09-04,100.0,0.05,5.0
2026-09-05,DEL_CCU,108.06899763425228,5,912,2026-09-04,100.0,0.05,5.0
2026-09-05,DEL_GOI,96.79064168511779,5,968,2026-09-04,100.0,0.05,5.0
2026-09-05,DEL_HYD,114.57695587054232,5,956,2026-09-04,100.0,0.05,5.0
2026-09-05,DEL_MAA,108.81831564122433,5,1017,2026-09-04,100.0,0.05,5.0
2026-09-05,HYD_BLR,101.43142224267447,5,844,2026-09-04,100.0,0.05,5.0
2026-09-05,HYD_DEL,108.69044321790163,5,961,2026-09-04,100.0,0.05,5.0
2026-09-05,MAA_BOM,104.64139417328457,5,1008,2026-09-04,100.0,0.05,5.0
2026-09-05,MAA_DEL,108.59897112306135,5,1022,2026-09-04,100.0,0.05,5.0
2026-09-06,AMD_DEL,102.90163128418757,5,1375,2026-09-05,102.90163128418757,0.05,5.145081564209379
2026-09-06,BLR_BOM,86.86744715116303,5,1944,2026-09-05,86.86744715116303,0.05,4.3433723575581515
2026-09-06,BLR_DEL,78.98240794784138,5,2362,2026-09-05,78.98240794784138,0.05,3.949120397392069
2026-09-06,BLR_HYD,78.71059615300442,5,1653,2026-09-05,78.71059615300442,0.05,3.935529807650221
2026-09-06,BOM_BLR,75.4990728131933,5,2044,2026-09-05,75.4990728131933,0.05,3.774953640659665
2026-09-06,BOM_DEL,89.87311829729114,5,2206,2026-09-05,89.87311829729114,0.05,4.493655914864557
2026-09-06,BOM_GOI,81.4877184073739,5,1787,2026-09-05,81.4877184073739,0.05,4.074385920368695
2026-09-06,BOM_MAA,44.45319537783281,5,2628,2026-09-05,44.45319537783282,0.05,2.222659768891641
2026-09-06,CCU_DEL,97.60685689693432,5,1789,2026-09-05,97.60685689693432,0.05,4.880342844846716
2026-09-06,DEL_AMD,91.67369383010032,5,1391,2026-09-05,91.6736938301003,0.05,4.583684691505016
2026-09-06,DEL_BLR,91.69949596986888,5,2118,2026-09-05,91.69949596986888,0.05,4.584974798493444
2026-09-06,DEL_BOM,90.97017827939563,5,2197,2026-09-05,90.97017827939563,0.05,4.548508913969782
2026-09-06,DEL_CCU,100.99290893363835,5,1793,2026-09-05,100.99290893363836,0.05,5.049645446681918
2026-09-06,DEL_GOI,95.74193685396388,5,1718,2026-09-05,95.74193685396386,0.05,4.787096842698193
2026-09-06,DEL_HYD,88.20563771986853,5,1730,2026-09-05,88.20563771986853,0.05,4.4102818859934265
2026-09-06,DEL_MAA,91.70339515331133,5,1803,2026-09-05,91.70339515331133,0.05,4.585169757665567
2026-09-06,HYD_BLR,82.20033784936132,5,1662,2026-09-05,82.20033784936132,0.05,4.1100168924680665
2026-09-06,HYD_DEL,89.14653424769733,5,1803,2026-09-05,89.14653424769733,0.05,4.457326712384867
2026-09-06,MAA_BOM,81.30085066094126,5,2056,2026-09-05,81.30085066094126,0.05,4.065042533047063
2026-09-06,MAA_DEL,94.26245901827374,5,1816,2026-09-05,94.26245901827374,0.05,4.713122950913688
2026-09-07,AMD_DEL,74.52080498994455,5,1889,2026-09-06,76.6831239807612,0.05,3.83415619903806
2026-09-07,BLR_BOM,82.58060989021183,5,3319,2026-09-06,71.73566765348788,0.05,3.586783382674394
2026-09-07,BLR_DEL,83.19011410484244,5,3631,2026-09-06,65.70555529456138,0.05,3.285277764728069
2026-09-07,BLR_HYD,81.32623773589195,5,2694,2026-09-06,64.01236655073019,0.05,3.20061832753651
2026-09-07,BOM_BLR,83.35998261995414,5,3389,2026-09-06,62.93601397530445,0.05,3.1468006987652224
2026-09-07,BOM_DEL,83.38452951369933,5,3818,2026-09-06,74.94027685148666,0.05,3.747013842574333
2026-09-07,BOM_GOI,73.67878699240687,5,2355,2026-09-06,60.039162470341346,0.05,3.0019581235170674
2026-09-07,BOM_MAA,94.96151185976193,5,2851,2026-09-06,42.21342640076386,0.05,2.110671320038193
2026-09-07,CCU_DEL,77.57864598640926,5,2919,2026-09-06,75.72207797053376,0.05,3.7861038985266884
2026-09-07,DEL_AMD,75.35809651626013,5,2053,2026-09-06,69.0835506765078,0.05,3.45417753382539
2026-09-07,DEL_BLR,78.19052532052221,5,3704,2026-09-06,71.70031761511157,0.05,3.585015880755579
2026-09-07,DEL_BOM,84.98424942574562,5,3890,2026-09-06,77.31032321200705,0.05,3.8655161606003525
2026-09-07,DEL_CCU,79.43906533013087,5,2843,2026-09-06,80.22782290659255,0.05,4.011391145329628
2026-09-07,DEL_GOI,66.17043117487647,5,2850,2026-09-06,63.35285243144585,0.05,3.1676426215722926
2026-09-07,DEL_HYD,77.29427104796335,5,2836,2026-09-06,68.17790469877978,0.05,3.4088952349389894
2026-09-07,DEL_MAA,76.76379162819327,5,2906,2026-09-06,70.39500317146661,0.05,3.5197501585733306
2026-09-07,HYD_BLR,80.74729313354358,5,2689,2026-09-06,66.37454775998695,0.05,3.3187273879993477
2026-09-07,HYD_DEL,76.89945406438366,5,2765,2026-09-06,68.55319815379806,0.05,3.4276599076899035
2026-09-07,MAA_BOM,81.42197555080767,5,2996,2026-09-06,66.19675874775025,0.05,3.309837937387513
2026-09-07,MAA_DEL,75.57987753502758,5,2875,2026-09-06,71.24345108751685,0.05,3.5621725543758425
2026-09-08,AMD_DEL,104.26782253208444,5,3428,2026-09-07,79.95582362431837,0.05,3.9977911812159186
2026-09-08,BLR_BOM,102.99898761742422,5,6518,2026-09-07,73.88701144369257,0.05,3.6943505721846286
2026-09-08,BLR_DEL,102.5367977349919,5,7184,2026-09-07,67.37237233303766,0.05,3.368618616651883
2026-09-08,BLR_HYD,101.92679310704469,5,5374,2026-09-07,65.24575241708584,0.05,3.262287620854292
2026-09-08,BOM_BLR,103.31600674270135,5,6722,2026-09-07,65.022976442313,0.05,3.25114882211565
2026-09-08,BOM_DEL,110.5930987681539,5,7765,2026-09-07,82.8787743954926,0.05,4.1439387197746305
2026-09-08,BOM_GOI,104.95501807503067,5,4594,2026-09-07,63.01411382284378,0.05,3.150705691142189
2026-09-08,BOM_MAA,103.92679261960004,5,5714,2026-09-07,43.87106011314934,0.05,2.193553005657467
2026-09-08,CCU_DEL,103.14882510434185,5,5776,2026-09-07,78.10643377119924,0.05,3.9053216885599618
2026-09-08,DEL_AMD,102.48016276752853,5,3820,2026-09-07,70.79693517887324,0.05,3.5398467589436624
2026-09-08,DEL_BLR,103.13723239793572,5,7565,2026-09-07,73.94972320875567,0.05,3.6974861604377836
2026-09-08,DEL_BOM,106.06235376151228,5,7901,2026-09-07,81.99714849928746,0.05,4.099857424964373
2026-09-08,DEL_CCU,103.32669154535179,5,5825,2026-09-07,82.89675510824598,0.05,4.1448377554123
2026-09-08,DEL_GOI,102.2,5,5610,2026-09-07,64.74661518493765,0.05,3.2373307592468827
2026-09-08,DEL_HYD,102.6806580189836,5,5653,2026-09-07,70.00552116826262,0.05,3.500276058413131
2026-09-08,DEL_MAA,102.77948896526368,5,5551,2026-09-07,72.35162451671455,0.05,3.617581225835728
2026-09-08,HYD_BLR,101.73621637516275,5,5411,2026-09-07,67.52695352713607,0.05,3.376347676356804
2026-09-08,HYD_DEL,99.34053933786873,5,5568,2026-09-07,68.10111677934087,0.05,3.405055838967044
2026-09-08,MAA_BOM,104.35071651833016,5,5847,2026-09-07,69.07679206518779,0.05,3.4538396032593894
2026-09-08,MAA_DEL,103.53188901467172,5,5618,2026-09-07,73.75969071014987,0.05,3.6879845355074936
2026-09-09,AMD_DEL,100.30038184266557,5,1881,2026-09-08,80.19599640063953,0.05,4.009799820031977
2026-09-09,BLR_BOM,97.2920361982752,5,3087,2026-09-08,71.88617791962112,0.05,3.5943088959810563
2026-09-09,BLR_DEL,100.70565228303165,5,3625,2026-09-08,67.84778701653832,0.05,3.392389350826916
2026-09-09,BLR_HYD,100.10940837086498,5,2619,2026-09-08,65.31713673186397,0.05,3.2658568365931986
2026-09-09,BOM_BLR,98.39639852380174,5,3165,2026-09-08,63.98026703221601,0.05,3.199013351610801
2026-09-09,BOM_DEL,98.83663642019039,5,3763,2026-09-08,81.91459291878286,0.05,4.0957296459391435
2026-09-09,BOM_GOI,99.72972972972973,5,2337,2026-09-08,62.843805407106366,0.05,3.1421902703553184
2026-09-09,BOM_MAA,100.92414520352443,5,2920,2026-09-08,44.276492410920326,0.05,2.2138246205460166
2026-09-09,CCU_DEL,99.81434440101619,5,2988,2026-09-08,77.96142480373642,0.05,3.8980712401868214
2026-09-09,DEL_AMD,102.54876160088534,5,1993,2026-09-08,72.60138027731605,0.05,3.630069013865803
2026-09-09,DEL_BLR,101.32459912969907,5,3761,2026-09-08,74.92926059879372,0.05,3.746463029939686
2026-09-09,DEL_BOM,110.33670149981681,5,3811,2026-09-08,90.47294897802033,0.05,4.523647448901016
2026-09-09,DEL_CCU,101.57139288316903,5,2955,2026-09-08,84.19938881839502,0.05,4.2099694409197514
2026-09-09,DEL_GOI,109.05,5,2842,2026-09-08,70.60618385917451,0.05,3.5303091929587254
2026-09-09,DEL_HYD,99.19280710132973,5,2885,2026-09-08,69.44044157271529,0.05,3.4720220786357645
2026-09-09,DEL_MAA,97.4167708166636,5,2898,2026-09-08,70.4826162375808,0.05,3.52413081187904
2026-09-09,HYD_BLR,101.27985110207769,5,2716,2026-09-08,68.39119798605262,0.05,3.419559899302631
2026-09-09,HYD_DEL,105.05590391965036,5,2645,2026-09-08,71.54424381191323,0.05,3.5772121905956618
2026-09-09,MAA_BOM,97.98788117712377,5,2994,2026-09-08,67.68688492980507,0.05,3.384344246490254
2026-09-09,MAA_DEL,96.12176025362523,5,2834,2026-09-08,70.89911306822573,0.05,3.5449556534112867
2026-09-10,AMD_DEL,102.146198078703,5,887,2026-09-09,81.91716133458678,0.05,4.095858066729339
2026-09-10,BLR_BOM,104.25929430458461,5,1530,2026-09-09,74.9480218015351,0.05,3.7474010900767554
2026-09-10,BLR_DEL,110.45165409255621,5,1708,2026-09-09,74.93900302496117,0.05,3.7469501512480585
2026-09-10,BLR_HYD,104.18112943747433,5,1239,2026-09-09,68.04813076347529,0.05,3.4024065381737643
2026-09-10,BOM_BLR,117.37709014163065,5,1503,2026-09-09,75.09817570726018,0.05,3.754908785363009
2026-09-10,BOM_DEL,106.20420181912395,5,1810,2026-09-09,86.99673958277798,0.05,4.349836979138899
2026-09-10,BOM_GOI,104.78703703703704,5,1064,2026-09-09,65.85216164742803,0.05,3.2926080823714017
2026-09-10,BOM_MAA,104.06607815420996,5,1360,2026-09-09,46.07680919629119,0.05,2.3038404598145594
2026-09-10,CCU_DEL,109.86383345371003,5,1421,2026-09-09,85.65140990451637,0.05,4.282570495225818
2026-09-10,DEL_AMD,98.82543157646285,5,957,2026-09-09,71.74862738952658,0.05,3.587431369476329
2026-09-10,DEL_BLR,110.97578199650243,5,1798,2026-09-09,83.15333289370851,0.05,4.157666644685426
2026-09-10,DEL_BOM,104.87129447523255,5,1829,2026-09-09,94.88015274316658,0.05,4.744007637158329
2026-09-10,DEL_CCU,110.56257532201656,5,1420,2026-09-09,93.09301268301559,0.05,4.654650634150779
2026-09-10,DEL_GOI,109.52545470447221,5,1423,2026-09-09,77.33174392123655,0.05,3.8665871960618277
2026-09-10,DEL_HYD,108.10001395139152,5,1379,2026-09-09,75.06512702801311,0.05,3.7532563514006556
2026-09-10,DEL_MAA,114.16013185675232,5,1378,2026-09-09,80.46304763291096,0.05,4.023152381645548
2026-09-10,HYD_BLR,113.09086168378897,5,1211,2026-09-09,77.34419511829304,0.05,3.8672097559146525
2026-09-10,HYD_DEL,105.17283702374066,5,1395,2026-09-09,75.24511094417116,0.05,3.762255547208558
2026-09-10,MAA_BOM,107.73083151222163,5,1333,2026-09-09,72.91964395959964,0.05,3.6459821979799822
2026-09-10,MAA_DEL,115.41815155771117,5,1312,2026-09-09,81.83044577415778,0.05,4.091522288707889
2026-09-11,AMD_DEL,99.5331802205878,5,885,2026-09-10,81.53475582274392,0.05,4.076737791137196
2026-09-11,BLR_BOM,93.74218202928658,5,1507,2026-09-10,70.25791102454443,0.05,3.5128955512272215
2026-09-11,BLR_DEL,98.9054889069433,5,1757,2026-09-10,74.11878732382688,0.05,3.7059393661913442
2026-09-11,BLR_HYD,96.02675040848551,5,1270,2026-09-10,65.34440868588226,0.05,3.267220434294113
2026-09-11,BOM_BLR,94.57913904695589,5,1529,2026-09-10,71.02720802389686,0.05,3.5513604011948434
2026-09-11,BOM_DEL,109.33059969189537,5,1828,2026-09-10,95.11405709824768,0.05,4.755702854912385
2026-09-11,BOM_GOI,97.47401992538481,5,1126,2026-09-10,64.18874916551061,0.05,3.2094374582755307
2026-09-11,BOM_MAA,96.50879666180211,5,1350,2026-09-10,44.46817409549519,0.05,2.22340870477476
2026-09-11,CCU_DEL,99.54025055248724,5,1443,2026-09-10,85.25762802069346,0.05,4.262881401034673
2026-09-11,DEL_AMD,98.40043407390279,5,967,2026-09-10,70.60096079336125,0.05,3.530048039668063
2026-09-11,DEL_BLR,99.52022803125857,5,1869,2026-09-10,82.75438651141025,0.05,4.1377193255705125
2026-09-11,DEL_BOM,100.00491126841875,5,1848,2026-09-10,94.8848125621439,0.05,4.744240628107195
2026-09-11,DEL_CCU,97.82162491471317,5,1431,2026-09-10,91.06509768858587,0.05,4.553254884429293
2026-09-11,DEL_GOI,96.30721552554546,5,1449,2026-09-10,74.47604928788819,0.05,3.7238024643944097
2026-09-11,DEL_HYD,99.51358098787634,5,1425,2026-09-10,74.69999597867408,0.05,3.7349997989337043
2026-09-11,DEL_MAA,98.25188639277192,5,1365,2026-09-10,79.05646214844963,0.05,3.9528231074224816
2026-09-11,HYD_BLR,89.83339243402582,5,1300,2026-09-10,69.48091432555483,0.05,3.474045716277742
2026-09-11,HYD_DEL,100.11174010264064,5,1457,2026-09-10,75.32918990837224,0.05,3.766459495418612
2026-09-11,MAA_BOM,96.88324226029802,5,1405,2026-09-10,70.64691531272568,0.05,3.5323457656362844
2026-09-11,MAA_DEL,98.57318400603552,5,1354,2026-09-10,80.66287588591966,0.05,4.033143794295984
2026-09-12,AMD_DEL,96.97325310957464,5,1033,2026-09-11,79.06690513626312,0.05,3.953345256813156
2026-09-12,BLR_BOM,98.72460783632236,5,1646,2026-09-11,69.36184713297378,0.05,3.468092356648689
2026-09-12,BLR_DEL,92.12543525289982,5,1913,2026-09-11,68.28225542624665,0.05,3.4141127713123325
2026-09-12,BLR_HYD,96.41564315924393,5,1397,2026-09-11,63.00223190309823,0.05,3.1501115951549115
2026-09-12,BOM_BLR,95.5454580554029,5,1654,2026-09-11,67.86327125039614,0.05,3.393163562519807
2026-09-12,BOM_DEL,97.90585309961897,5,1932,2026-09-11,93.12222901969808,0.05,4.656111450984905
2026-09-12,BOM_GOI,88.38687757980554,5,1274,2026-09-11,56.73443114492832,0.05,2.8367215572464164
2026-09-12,BOM_MAA,96.71853424314861,5,1531,2026-09-11,43.008966189854455,0.05,2.150448309492723
2026-09-12,CCU_DEL,94.42122322323216,5,1562,2026-09-11,80.50129526825191,0.05,4.025064763412596
2026-09-12,DEL_AMD,98.4746179530099,5,965,2026-09-11,69.5240264124168,0.05,3.47620132062084
2026-09-12,DEL_BLR,94.44498714408391,5,2014,2026-09-11,78.15736970186691,0.05,3.9078684850933456
2026-09-12,DEL_BOM,95.22632439456201,5,1897,2026-09-11,90.35531941159928,0.05,4.517765970579965
2026-09-12,DEL_CCU,92.27844357123186,5,1514,2026-09-11,84.03345478364889,0.05,4.201672739182444
2026-09-12,DEL_GOI,89.61428636691504,5,1590,2026-09-11,66.7411800836129,0.05,3.337059004180645
2026-09-12,DEL_HYD,95.7042550984273,5,1505,2026-09-11,71.49107470994518,0.05,3.5745537354972594
2026-09-12,DEL_MAA,91.9101128695099,5,1543,2026-09-11,72.66088359128143,0.05,3.633044179564072
2026-09-12,HYD_BLR,102.02421598402354,5,1413,2026-09-11,70.88735809917841,0.05,3.544367904958921
2026-09-12,HYD_DEL,94.75511216616677,5,1567,2026-09-11,71.3782583915429,0.05,3.568912919577145
2026-09-12,MAA_BOM,95.43979935254083,5,1514,2026-09-11,67.42527422322483,0.05,3.371263711161242
2026-09-12,MAA_DEL,92.03792156916624,5,1506,2026-09-11,74.24043444331664,0.05,3.7120217221658325
2026-09-13,AMD_DEL,99.60965740904251,5,1017,2026-09-12,78.75827333016433,0.05,3.9379136665082166
2026-09-13,BLR_BOM,98.53212737765355,5,1650,2026-09-12,68.34370356855507,0.05,3.417185178427754
2026-09-13,BLR_DEL,99.4901150384621,5,1958,2026-09-12,67.93409447442932,0.05,3.396704723721466
2026-09-13,BLR_HYD,100.50659911035913,5,1391,2026-09-12,63.321400649425726,0.05,3.1660700324712865
2026-09-13,BOM_BLR,101.31082261294952,5,1662,2026-09-12,68.7528383558336,0.05,3.43764191779168
2026-09-13,BOM_DEL,98.7794141578548,5,1938,2026-09-12,91.98559227639362,0.05,4.599279613819681
2026-09-13,BOM_GOI,98.04363556564911,5,1255,2026-09-12,55.62449891197765,0.05,2.7812249455988827
2026-09-13,BOM_MAA,100.3085850339838,5,1563,2026-09-12,43.141685422787496,0.05,2.1570842711393747
2026-09-13,CCU_DEL,100.4710688251232,5,1531,2026-09-12,80.88051177408101,0.05,4.044025588704051
2026-09-13,DEL_AMD,99.01387496787702,5,1109,2026-09-12,68.83843258462416,0.05,3.4419216292312083
2026-09-13,DEL_BLR,100.55017282880686,5,2016,2026-09-12,78.58737031367671,0.05,3.929368515683836
2026-09-13,DEL_BOM,102.37442371574994,5,1972,2026-09-12,92.5007375441499,0.05,4.625036877207495
2026-09-13,DEL_CCU,101.19751129386562,5,1548,2026-09-12,85.03976489530855,0.05,4.251988244765427
2026-09-13,DEL_GOI,99.84536353021333,5,1491,2026-09-12,66.63797387883764,0.05,3.3318986939418824
2026-09-13,DEL_HYD,100.08889803910233,5,1533,2026-09-12,71.5546288734955,0.05,3.577731443674775
2026-09-13,DEL_MAA,101.34452860392787,5,1503,2026-09-12,73.63782995503294,0.05,3.6818914977516473
2026-09-13,HYD_BLR,99.0135112104252,5,1422,2026-09-12,70.18806225830427,0.05,3.509403112915214
2026-09-13,HYD_DEL,100.57086272155334,5,1552,2026-09-12,71.78573025999424,0.05,3.589286512999712
2026-09-13,MAA_BOM,99.63542759439099,5,1575,2026-09-12,67.17946027900075,0.05,3.358973013950038
2026-09-13,MAA_DEL,97.80251779426062,5,1532,2026-09-12,72.60901410696115,0.05,3.630450705348058
2026-09-14,AMD_DEL,100.39814029099838,5,1049,2026-09-13,79.07184174878634,0.05,3.953592087439317
2026-09-14,BLR_BOM,102.09391196468889,5,1648,2026-09-13,69.77476055468854,0.05,3.4887380277344273
2026-09-14,BLR_DEL,100.45224159596928,5,1976,2026-09-13,68.24132070748776,0.05,3.412066035374388
2026-09-14,BLR_HYD,108.70637787777977,5,1474,2026-09-13,68.83440106746762,0.05,3.4417200533733814
2026-09-14,BOM_BLR,102.31898884617306,5,1664,2026-09-13,70.34720900873278,0.05,3.517360450436639
2026-09-14,BOM_DEL,98.4009899535411,5,1957,2026-09-13,90.51473341459936,0.05,4.525736670729969
2026-09-14,BOM_GOI,105.59664051863938,5,1204,2026-09-13,58.737602156375516,0.05,2.936880107818776
2026-09-14,BOM_MAA,100.32789410156053,5,1558,2026-09-13,43.28314446460262,0.05,2.164157223230131
2026-09-14,CCU_DEL,100.91457971803054,5,1497,2026-09-13,81.62022853060607,0.05,4.081011426530304
2026-09-14,DEL_AMD,101.40899215193815,5,1038,2026-09-13,69.80836069725875,0.05,3.4904180348629374
2026-09-14,DEL_BLR,100.05063535821901,5,1983,2026-09-13,78.62716331014994,0.05,3.931358165507497
2026-09-14,DEL_BOM,97.10975110940264,5,2019,2026-09-13,89.82723600348572,0.05,4.491361800174286
2026-09-14,DEL_CCU,102.8092866955978,5,1512,2026-09-13,87.42877569648012,0.05,4.371438784824006
2026-09-14,DEL_GOI,99.64614014345463,5,1566,2026-09-13,66.40216884006524,0.05,3.3201084420032623
2026-09-14,DEL_HYD,99.71683410847791,5,1442,2026-09-13,71.35201057072055,0.05,3.567600528536028
2026-09-14,DEL_MAA,102.77247781279623,5,1601,2026-09-13,75.67942245236084,0.05,3.783971122618042
2026-09-14,HYD_BLR,104.98770040336976,5,1466,2026-09-13,73.68883252267914,0.05,3.6844416261339568
2026-09-14,HYD_DEL,100.69291683896049,5,1583,2026-09-13,72.28314567293648,0.05,3.6141572836468243
2026-09-14,MAA_BOM,100.05770449094125,5,1610,2026-09-13,67.21822584457182,0.05,3.3609112922285913
2026-09-14,MAA_DEL,102.24761655019515,5,1530,2026-09-13,74.24098632496275,0.05,3.7120493162481374
2026-09-15,AMD_DEL,101.360649398358,5,950,2026-09-14,80.14773228781179,0.05,4.007386614390589
2026-09-15,BLR_BOM,101.09420165426906,5,1658,2026-09-14,70.53823713894022,0.05,3.5269118569470113
2026-09-15,BLR_DEL,102.70835551639614,5,1972,2026-09-14,70.08953828133059,0.05,3.5044769140665295
2026-09-15,BLR_HYD,101.79113228676003,5,1407,2026-09-14,70.06731624938493,0.05,3.5033658124692466
2026-09-15,BOM_BLR,97.97759106419042,5,1650,2026-09-14,68.92450076764753,0.05,3.4462250383823765
2026-09-15,BOM_DEL,100.43678862398517,5,1952,2026-09-14,90.91009147318483,0.05,4.545504573659242
2026-09-15,BOM_GOI,111.74942839373423,5,1249,2026-09-14,65.63893466193535,0.05,3.2819467330967678
2026-09-15,BOM_MAA,99.28875237082964,5,1495,2026-09-14,42.97529412576775,0.05,2.1487647062883877
2026-09-15,CCU_DEL,102.04544206911831,5,1568,2026-09-14,83.2897230218816,0.05,4.1644861510940805
2026-09-15,DEL_AMD,98.31042371071943,5,1094,2026-09-14,68.6288951869824,0.05,3.4314447593491204
2026-09-15,DEL_BLR,99.9533259047015,5,2015,2026-09-14,78.59046479301605,0.05,3.929523239650803
2026-09-15,DEL_BOM,100.15137024038646,5,1978,2026-09-14,89.96320770655672,0.05,4.498160385327836
2026-09-15,DEL_CCU,100.99393778013322,5,1528,2026-09-14,88.29776332883537,0.05,4.414888166441769
2026-09-15,DEL_GOI,107.44824851623282,5,1469,2026-09-14,71.34796739544181,0.05,3.567398369772091
2026-09-15,DEL_HYD,100.45404084208454,5,1537,2026-09-14,71.6759778403601,0.05,3.5837988920180055
2026-09-15,DEL_MAA,99.73641781794524,5,1458,2026-09-14,75.47994497929447,0.05,3.773997248964724
2026-09-15,HYD_BLR,96.8801396796462,5,1434,2026-09-14,71.38984387627211,0.05,3.5694921938136055
2026-09-15,HYD_DEL,100.0784431318115,5,1474,2026-09-14,72.3398468361742,0.05,3.6169923418087104
2026-09-15,MAA_BOM,100.44376720130765,5,1543,2026-09-14,67.51651828417093,0.05,3.3758259142085465
2026-09-15,MAA_DEL,105.38015960485059,5,1494,2026-09-14,78.23526988146105,0.05,3.911763494073053
2026-09-16,AMD_DEL,120.6759195974375,5,1212,2026-09-15,96.71901297480922,0.05,4.835950648740461
2026-09-16,BLR_BOM,109.21801009730152,5,1904,2026-09-15,77.04045896086622,0.05,3.8520229480433112
2026-09-16,BLR_DEL,114.99371440869439,5,2945,2026-09-15,80.59856348160582,0.05,4.0299281740802915
2026-09-16,BLR_HYD,108.71236227715451,5,1412,2026-09-15,76.1718346789109,0.05,3.808591733945545
2026-09-16,BOM_BLR,103.47570907706206,5,1838,2026-09-15,71.32011589714837,0.05,3.5660057948574186
2026-09-16,BOM_DEL,100.91507179437254,5,2381,2026-09-15,91.74198407849423,0.05,4.587099203924711
2026-09-16,BOM_GOI,101.81210764855254,5,1202,2026-09-15,66.82838281737268,0.05,3.3414191408686342
2026-09-16,BOM_MAA,107.98361692363487,5,1891,2026-09-15,46.40627698057441,0.05,2.3203138490287207
2026-09-16,CCU_DEL,103.59211145284496,5,1655,2026-09-15,86.28158270159345,0.05,4.314079135079672
2026-09-16,DEL_AMD,103.07951847417276,5,1165,2026-09-15,70.74233469288619,0.05,3.5371167346443095
2026-09-16,DEL_BLR,108.03376828877865,5,3173,2026-09-15,84.90424063156111,0.05,4.245212031578055
2026-09-16,DEL_BOM,97.66297361140221,5,2427,2026-09-15,87.86074380242545,0.05,4.393037190121272
2026-09-16,DEL_CCU,109.07367700114166,5,2196,2026-09-15,96.3096171725264,0.05,4.81548085862632
2026-09-16,DEL_GOI,118.75539328619702,5,2017,2026-09-15,84.72955928216453,0.05,4.236477964108227
2026-09-16,DEL_HYD,117.68659704401746,5,2310,2026-09-15,84.35301921834385,0.05,4.217650960917193
2026-09-16,DEL_MAA,105.15474137236106,5,1582,2026-09-15,79.37074093097753,0.05,3.9685370465488767
2026-09-16,HYD_BLR,109.61276977563857,5,1563,2026-09-15,78.25238521128595,0.05,3.912619260564298
2026-09-16,HYD_DEL,120.33582680928782,5,2211,2026-09-15,87.05075280288267,0.05,4.352537640144134
2026-09-16,MAA_BOM,100.20257871375036,5,1526,2026-09-15,67.65329237848003,0.05,3.382664618924002
2026-09-16,MAA_DEL,111.92950623294703,5,2222,2026-09-15,87.56835127833288,0.05,4.378417563916645
2026-09-17,AMD_DEL,141.50590100685082,5,1035,2026-09-16,136.86311075493674,0.05,6.843155537746838
2026-09-17,BLR_BOM,134.39118211100782,5,1322,2026-09-16,103.53558350125397,0.05,5.176779175062698
2026-09-17,BLR_DEL,158.39189632283586,5,2134,2026-09-16,127.66159310748014,0.05,6.383079655374008
2026-09-17,BLR_HYD,150.18343283412491,5,969,2026-09-16,114.3974761735228,0.05,5.719873808676141
2026-09-17,BOM_BLR,131.84447260091264,5,1177,2026-09-16,94.03163066295492,0.05,4.701581533147746
2026-09-17,BOM_DEL,124.51702608826243,5,1358,2026-09-16,114.23439024890823,0.05,5.711719512445412
2026-09-17,BOM_GOI,154.56976235581814,5,834,2026-09-16,103.29647250704937,0.05,5.164823625352469
2026-09-17,BOM_MAA,141.52080604419905,5,1401,2026-09-16,65.6745372380125,0.05,3.2837268619006252
2026-09-17,CCU_DEL,145.38238252699824,5,1069,2026-09-16,125.43822061357895,0.05,6.271911030678948
2026-09-17,DEL_AMD,148.37487280650174,5,844,2026-09-16,104.96384912091963,0.05,5.248192456045982
2026-09-17,DEL_BLR,143.95670714738824,5,2254,2026-09-16,122.22534904169024,0.05,6.111267452084512
2026-09-17,DEL_BOM,126.11509781463637,5,1408,2026-09-16,110.80566298709591,0.05,5.540283149354796
2026-09-17,DEL_CCU,149.97976200542294,5,1570,2026-09-16,144.44493462368905,0.05,7.222246731184453
2026-09-17,DEL_GOI,170.2093289268659,5,1420,2026-09-16,144.21761425686327,0.05,7.210880712843164
2026-09-17,DEL_HYD,148.5476430829605,5,1711,2026-09-16,125.30442191816648,0.05,6.265221095908324
2026-09-17,DEL_MAA,148.46345694740828,5,1056,2026-09-16,117.83654579090079,0.05,5.89182728954504
2026-09-17,HYD_BLR,144.22044524530858,5,1008,2026-09-16,112.85593836679061,0.05,5.642796918339531
2026-09-17,HYD_DEL,150.92934569502887,5,1764,2026-09-16,131.38513162798782,0.05,6.569256581399391
2026-09-17,MAA_BOM,140.48543298237777,5,1089,2026-09-16,95.04302072474165,0.05,4.752151036237083
2026-09-17,MAA_DEL,162.28324960701372,5,1674,2026-09-16,142.10876608176352,0.05,7.105438304088176
2026-09-18,AMD_DEL,104.29154590608714,5,1087,2026-09-17,142.73665398148376,0.05,7.136832699074188
2026-09-18,BLR_BOM,101.02212790311447,5,1686,2026-09-17,104.59384958987266,0.05,5.229692479493633
2026-09-18,BLR_DEL,93.11024457893478,5,2165,2026-09-17,118.86602157573931,0.05,5.943301078786966
2026-09-18,BLR_HYD,91.35787858532169,5,1390,2026-09-17,104.51110738727927,0.05,5.225555369363963
2026-09-18,BOM_BLR,104.02671339450526,5,1614,2026-09-17,97.81801492993185,0.05,4.890900746496593
2026-09-18,BOM_DEL,103.3182334898153,5,1785,2026-09-17,118.0249540430338,0.05,5.90124770215169
2026-09-18,BOM_GOI,120.06544462965846,5,1068,2026-09-17,124.02336900234174,0.05,6.201168450117088
2026-09-18,BOM_MAA,96.4941402496499,5,1402,2026-09-17,63.37208007075634,0.05,3.1686040035378173
2026-09-18,CCU_DEL,97.92162073812582,5,1074,2026-09-17,122.83113864988235,0.05,6.141556932494118
2026-09-18,DEL_AMD,103.97163457830823,5,838,2026-09-17,109.13262964732935,0.05,5.456631482366468
2026-09-18,DEL_BLR,98.03649612141001,5,2311,2026-09-17,119.8254495726365,0.05,5.991272478631825
2026-09-18,DEL_BOM,102.01277028256459,5,1759,2026-09-17,113.03592644309884,0.05,5.651796322154943
2026-09-18,DEL_CCU,99.02509613251375,5,1595,2026-09-17,143.03673536965474,0.05,7.151836768482737
2026-09-18,DEL_GOI,90.12174959692996,5,1420,2026-09-17,129.9714371952367,0.05,6.498571859761835
2026-09-18,DEL_HYD,99.40797967920464,5,1811,2026-09-17,124.56259427755577,0.05,6.228129713877789
2026-09-18,DEL_MAA,106.24016416688778,5,1636,2026-09-17,125.18973969684288,0.05,6.259486984842145
2026-09-18,HYD_BLR,93.9519664454142,5,1093,2026-09-17,106.03037334602445,0.05,5.301518667301223
2026-09-18,HYD_DEL,99.66351906111107,5,1716,2026-09-17,130.9430457035255,0.05,6.547152285176276
2026-09-18,MAA_BOM,105.96229885582352,5,1016,2026-09-17,100.70976966195303,0.05,5.035488483097652
2026-09-18,MAA_DEL,99.2758739114503,5,1715,2026-09-17,141.0797194324494,0.05,7.05398597162247
2026-09-20,AMD_DEL,107.17311944917746,5,1051,2026-09-18,152.9753246693347,0.05,7.648766233466735
2026-09-20,BLR_BOM,95.22570349239467,5,1231,2026-09-18,99.6002290817334,0.05,4.980011454086671
2026-09-20,BLR_DEL,106.03746491878374,5,2229,2026-09-18,126.04251592872848,0.05,6.302125796436425
2026-09-20,BLR_HYD,108.7626026180825,5,1031,2026-09-18,113.669000419384,0.05,5.6834500209692
2026-09-20,BOM_BLR,102.67698863655048,5,1263,2026-09-18,100.43659207410538,0.05,5.021829603705269
2026-09-20,BOM_DEL,100.75582986338858,5,1457,2026-09-18,118.9170218919417,0.05,5.945851094597085
2026-09-20,BOM_GOI,87.87332611458952,5,890,2026-09-18,108.98345950172849,0.05,5.449172975086425
2026-09-20,BOM_MAA,108.3054078487598,5,1427,2026-09-18,68.63538978287528,0.05,3.4317694891437642
2026-09-20,CCU_DEL,103.75463433807074,5,1115,2026-09-18,127.44299875947412,0.05,6.372149937973706
2026-09-20,DEL_AMD,108.89995407925464,5,836,2026-09-18,118.8453835714247,0.05,5.942269178571236
2026-09-20,DEL_BLR,106.90392306983613,5,2300,2026-09-18,128.0981064292166,0.05,6.404905321460831
2026-09-20,DEL_BOM,101.23417372877438,5,1375,2026-09-18,114.43098615133631,0.05,5.721549307566816
2026-09-20,DEL_CCU,101.54581753237946,5,1600,2026-09-18,145.24782230274207,0.05,7.2623911151371034
2026-09-20,DEL_GOI,96.15954594034805,5,1477,2026-09-18,124.97994385908423,0.05,6.248997192954212
2026-09-20,DEL_HYD,102.85757442671313,5,1754,2026-09-18,128.12206311688163,0.05,6.406103155844082
2026-09-20,DEL_MAA,102.53619875732974,5,1366,2026-09-18,128.36480031933854,0.05,6.418240015966927
2026-09-20,HYD_BLR,103.60986610884095,5,1016,2026-09-18,109.8579278585201,0.05,5.4928963929260055
2026-09-20,HYD_DEL,102.89055390673244,5,1789,2026-09-18,134.72802502670322,0.05,6.736401251335161
2026-09-20,MAA_BOM,98.15385287957801,5,1000,2026-09-18,98.85051914935528,0.05,4.9425259574677645
2026-09-20,MAA_DEL,101.58188216016875,5,1619,2026-09-18,143.31143434576742,0.05,7.165571717288372
2026-09-21,AMD_DEL,99.15104823240222,5,1237,2026-09-20,151.67663794656593,0.05,7.583831897328297
2026-09-21,BLR_BOM,97.84864875963726,5,1856,2026-09-20,97.45747831797941,0.05,4.872873915898971
2026-09-21,BLR_DEL,97.29960188141283,5,2899,2026-09-20,122.63886619996916,0.05,6.131943309998459
2026-09-21,BLR_HYD,95.30016325846059,5,1529,2026-09-20,108.3267429739332,0.05,5.41633714869666
2026-09-21,BOM_BLR,98.07154035110918,5,1834,2026-09-20,98.49971292323518,0.05,4.924985646161759
2026-09-21,BOM_DEL,104.91773723353882,5,2218,2026-09-20,124.76504855453723,0.05,6.238252427726862
2026-09-21,BOM_GOI,102.52446373085195,5,1157,2026-09-20,111.73470740947734,0.05,5.586735370473868
2026-09-21,BOM_MAA,96.41204951472396,5,1794,2026-09-20,66.17278598208951,0.05,3.3086392991044757
2026-09-21,CCU_DEL,96.62124366443727,5,1579,2026-09-20,123.13701036465727,0.05,6.156850518232864
2026-09-21,DEL_AMD,97.17018281856183,5,1067,2026-09-20,115.48227648777443,0.05,5.774113824388722
2026-09-21,DEL_BLR,94.60217754866252,5,2902,2026-09-20,121.18359808064218,0.05,6.05917990403211
2026-09-21,DEL_BOM,95.52337110462781,5,2194,2026-09-20,109.30833556002625,0.05,5.4654167780013125
2026-09-21,DEL_CCU,100.54777489685463,5,2093,2026-09-20,146.0434534115445,0.05,7.302172670577225
2026-09-21,DEL_GOI,100.08658618816052,5,1829,2026-09-20,125.08815922843698,0.05,6.254407961421849
2026-09-21,DEL_HYD,97.12787048278116,5,2285,2026-09-20,124.44223152403193,0.05,6.222111576201597
2026-09-21,DEL_MAA,94.05211056575982,5,1483,2026-09-20,120.72980392386108,0.05,6.036490196193054
2026-09-21,HYD_BLR,102.61159456651433,5,1574,2026-09-20,112.72697153335845,0.05,5.636348576667923
2026-09-21,HYD_DEL,97.18548388869864,5,2233,2026-09-20,130.93608305588853,0.05,6.546804152794427
2026-09-21,MAA_BOM,99.20150193142588,5,1437,2026-09-20,98.06119966317219,0.05,4.9030599831586095
2026-09-21,MAA_DEL,103.83188286104303,5,2045,2026-09-20,148.8029606363778,0.05,7.44014803181889
2026-09-22,AMD_DEL,112.97804673739006,5,1344,2026-09-21,171.36130290897316,0.05,8.568065145448658
2026-09-22,BLR_BOM,100.15009239302006,5,2245,2026-09-21,97.60375457936387,0.05,4.880187728968194
2026-09-22,BLR_DEL,102.89369120512308,5,3270,2026-09-21,126.18765628526033,0.05,6.309382814263017
2026-09-22,BLR_HYD,97.50824923648483,5,1624,2026-09-21,105.6275105287891,0.05,5.281375526439455
2026-09-22,BOM_BLR,100.5241138295926,5,2209,2026-09-21,99.01596354077486,0.05,4.9507981770387435
2026-09-22,BOM_DEL,104.13900689819738,5,2813,2026-09-21,129.92908252074884,0.05,6.496454126037442
2026-09-22,BOM_GOI,114.58550427746468,5,1286,2026-09-21,128.03177793809928,0.05,6.401588896904965
2026-09-22,BOM_MAA,104.25991731160798,5,1958,2026-09-21,68.99169194771383,0.05,3.449584597385692
2026-09-22,CCU_DEL,99.87804484160998,5,1738,2026-09-21,122.9868384286303,0.05,6.149341921431516
2026-09-22,DEL_AMD,105.22191254099752,5,1072,2026-09-21,121.51265996631895,0.05,6.075632998315948
2026-09-22,DEL_BLR,98.75385007449232,5,3218,2026-09-21,119.67346876343274,0.05,5.983673438171637
2026-09-22,DEL_BOM,104.36116708106101,5,2771,2026-09-21,114.07545470732583,0.05,5.703772735366292
2026-09-22,DEL_CCU,103.3707172835404,5,2325,2026-09-21,150.9661653371667,0.05,7.548308266858335
2026-09-22,DEL_GOI,109.87945061629902,5,2026,2026-09-21,137.4461821462479,0.05,6.872309107312396
2026-09-22,DEL_HYD,100.17294744703523,5,2517,2026-09-21,124.6574511864864,0.05,6.232872559324321
2026-09-22,DEL_MAA,100.89319556641361,5,1610,2026-09-21,121.80815717984886,0.05,6.090407858992443
2026-09-22,HYD_BLR,99.15402975637073,5,1490,2026-09-21,111.7733348976418,0.05,5.58866674488209
2026-09-22,HYD_DEL,101.91349412525122,5,2429,2026-09-21,133.441537312997,0.05,6.672076865649851
2026-09-22,MAA_BOM,101.68719618740708,5,1558,2026-09-21,99.71568448521488,0.05,4.985784224260744
2026-09-22,MAA_DEL,104.41983697686437,5,2177,2026-09-21,155.37980891325336,0.05,7.768990445662668
2026-09-23,AMD_DEL,91.60441042592711,5,752,2026-09-22,156.97451122795195,0.05,7.848725561397598
2026-09-23,BLR_BOM,102.17482812594851,5,1376,2026-09-22,99.72646848593762,0.05,4.986323424296881
2026-09-23,BLR_DEL,100.2027325152242,5,2106,2026-09-22,126.44347969474991,0.05,6.322173984737496
2026-09-23,BLR_HYD,107.37356212459494,5,1016,2026-09-22,113.41602063829242,0.05,5.670801031914621
2026-09-23,BOM_BLR,99.2467980564069,5,1867,2026-09-22,98.27017337891832,0.05,4.913508668945916
2026-09-23,BOM_DEL,102.85438837821899,5,2226,2026-09-22,133.63776315214764,0.05,6.681888157607382
2026-09-23,BOM_GOI,118.01447117211407,5,796,2026-09-22,151.09602566590328,0.05,7.5548012832951645
2026-09-23,BOM_MAA,97.23631750231738,5,850,2026-09-22,67.08498063249975,0.05,3.3542490316249878
2026-09-23,CCU_DEL,97.78011736235361,5,1094,2026-09-22,120.25667495576292,0.05,6.012833747788147
2026-09-23,DEL_AMD,98.04437235802357,5,755,2026-09-22,119.13632479951679,0.05,5.95681623997584
2026-09-23,DEL_BLR,97.32160133200618,5,1997,2026-09-22,116.46813617013096,0.05,5.823406808506548
2026-09-23,DEL_BOM,97.90341954578214,5,2544,2026-09-22,111.6837710208719,0.05,5.584188551043596
2026-09-23,DEL_CCU,96.62862720099079,5,1104,2026-09-22,145.8765331032822,0.05,7.293826655164111
2026-09-23,DEL_GOI,95.47507876369892,5,749,2026-09-22,131.22685066182726,0.05,6.561342533091363
2026-09-23,DEL_HYD,92.68224787540113,5,1007,2026-09-22,115.5353279038165,0.05,5.776766395190825
2026-09-23,DEL_MAA,99.45638970269422,5,887,2026-09-22,121.1459954944608,0.05,6.057299774723041
2026-09-23,HYD_BLR,108.17772953803478,5,981,2026-09-22,120.9138559212128,0.05,6.04569279606064
2026-09-23,HYD_DEL,98.0990920527422,5,1131,2026-09-22,130.90493652527127,0.05,6.545246826263564
2026-09-23,MAA_BOM,99.04924390715857,5,923,2026-09-22,98.76763153945316,0.05,4.938381576972659
2026-09-23,MAA_DEL,95.86191917311172,5,815,2026-09-22,148.95006683175836,0.05,7.447503341587918
2026-09-24,AMD_DEL,103.88082774269473,5,1155,2026-09-23,163.06642160864578,0.05,8.15332108043229
2026-09-24,BLR_BOM,100.77310710046314,5,2080,2026-09-23,100.49746089484353,0.05,5.0248730447421766
2026-09-24,BLR_DEL,107.04157170987844,5,2392,2026-09-23,135.3470879899213,0.05,6.767354399496066
2026-09-24,BLR_HYD,105.15296881708043,5,1240,2026-09-23,119.26031281535714,0.05,5.963015640767857
2026-09-24,BOM_BLR,104.23999847852424,5,2082,2026-09-23,102.4368272350276,0.05,5.12184136175138
2026-09-24,BOM_DEL,101.0479110477542,5,2733,2026-09-23,135.03816803619057,0.05,6.751908401809529
2026-09-24,BOM_GOI,106.38087027002294,5,1310,2026-09-23,160.73726704680513,0.05,8.036863352340257
2026-09-24,BOM_MAA,97.05171072430143,5,1550,2026-09-23,65.10712134290729,0.05,3.2553560671453647
2026-09-24,CCU_DEL,102.80593666762347,5,1786,2026-09-23,123.63100109361145,0.05,6.181550054680573
2026-09-24,DEL_AMD,103.54598822314146,5,1106,2026-09-23,123.36088484639122,0.05,6.168044242319561
2026-09-24,DEL_BLR,102.31567685276782,5,2379,2026-09-23,119.16516184027279,0.05,5.95825809201364
2026-09-24,DEL_BOM,105.24711718641367,5,2774,2026-09-23,117.54394936454297,0.05,5.877197468227148
2026-09-24,DEL_CCU,100.32393055073173,5,1758,2026-09-23,146.34907176035205,0.05,7.317453588017603
2026-09-24,DEL_GOI,110.13545600671868,5,1504,2026-09-23,144.52729037965918,0.05,7.226364518982959
2026-09-24,DEL_HYD,102.31650736697543,5,1810,2026-09-23,118.21171228616763,0.05,5.910585614308381
2026-09-24,DEL_MAA,99.18142575298785,5,1582,2026-09-23,120.15432557405666,0.05,6.0077162787028335
2026-09-24,HYD_BLR,111.93311411461409,5,1313,2026-09-23,135.34264432867118,0.05,6.767132216433559
2026-09-24,HYD_DEL,102.12883313528368,5,1837,2026-09-23,133.6916841897433,0.05,6.684584209487166
2026-09-24,MAA_BOM,100.35300108194131,5,1267,2026-09-23,99.11628234739524,0.05,4.955814117369762
2026-09-24,MAA_DEL,103.96937170864612,5,1535,2026-09-23,154.8624486445877,0.05,7.743122432229384
2026-09-25,AMD_DEL,100.24024614842003,5,1167,2026-09-24,163.45818240592692,0.05,8.172909120296346
2026-09-25,BLR_BOM,102.80485862665924,5,1889,2026-09-24,103.31627259632603,0.05,5.165813629816302
2026-09-25,BLR_DEL,96.2675253148972,5,2375,2026-09-24,130.29529219367367,0.05,6.514764609683684
2026-09-25,BLR_HYD,92.72981111154203,5,1602,2026-09-24,110.58986280471483,0.05,5.529493140235742
2026-09-25,BOM_BLR,101.3572604429849,5,1893,2026-09-24,103.82716177013741,0.05,5.19135808850687
2026-09-25,BOM_DEL,97.00492942019774,5,2689,2026-09-24,130.99367959383468,0.05,6.549683979691735
2026-09-25,BOM_GOI,90.72649405997745,5,1339,2026-09-24,145.83128703938976,0.05,7.291564351969488
2026-09-25,BOM_MAA,103.02611730716043,5,1509,2026-09-24,67.07733921005895,0.05,3.353866960502948
2026-09-25,CCU_DEL,102.91125725463853,5,1742,2026-09-24,127.23021758193144,0.05,6.361510879096572
2026-09-25,DEL_AMD,95.12924087399433,5,1131,2026-09-24,117.35227328981428,0.05,5.867613664490714
2026-09-25,DEL_BLR,102.67342910283966,5,2347,2026-09-24,122.35095795735663,0.05,6.117547897867832
2026-09-25,DEL_BOM,98.91279662435736,5,2767,2026-09-24,116.26600757918797,0.05,5.813300378959399
2026-09-25,DEL_CCU,109.77134577499571,5,1753,2026-09-24,160.64934560055264,0.05,8.032467280027632
2026-09-25,DEL_GOI,93.31222043181614,5,1473,2026-09-24,134.86162378319858,0.05,6.74308118915993
2026-09-25,DEL_HYD,101.85816828187917,5,1780,2026-09-24,120.40828482933546,0.05,6.020414241466773
2026-09-25,DEL_MAA,103.41060445468482,5,1558,2026-09-24,124.25231435458193,0.05,6.212615717729097
2026-09-25,HYD_BLR,96.16461992870381,5,1664,2026-09-24,130.15173952012404,0.05,6.507586976006202
2026-09-25,HYD_DEL,98.18232687231183,5,1777,2026-09-24,131.2616063722726,0.05,6.563080318613631
2026-09-25,MAA_BOM,98.57018216838776,5,1546,2026-09-24,97.69910006836103,0.05,4.884955003418052
2026-09-25,MAA_DEL,97.120895525363,5,1542,2026-09-24,150.40379695612893,0.05,7.520189847806447
2026-09-26,AMD_DEL,90.04681896812403,5,967,2026-09-25,147.18889359965098,0.05,7.359444679982549
2026-09-26,BLR_BOM,99.45878181938602,5,1588,2026-09-25,102.75710614550202,0.05,5.137855307275101
2026-09-26,BLR_DEL,93.36802754042046,5,1833,2026-09-25,121.65414429926054,0.05,6.082707214963027
2026-09-26,BLR_HYD,92.89902009937394,5,1181,2026-09-25,102.73689887482209,0.05,5.136844943741105
2026-09-26,BOM_BLR,100.10733659845812,5,1715,2026-09-25,103.9386063138571,0.05,5.196930315692855
2026-09-26,BOM_DEL,96.12054742989679,5,2278,2026-09-25,125.9118419241589,0.05,6.295592096207946
2026-09-26,BOM_GOI,83.270450133297,5,999,2026-09-25,121.43436915288027,0.05,6.071718457644014
2026-09-26,BOM_MAA,95.61983995905993,5,1109,2026-09-25,64.13924440145412,0.05,3.206962220072706
2026-09-26,CCU_DEL,101.98159486948914,5,1382,2026-09-25,129.75140504597485,0.05,6.487570252298743
2026-09-26,DEL_AMD,106.13200072234925,5,990,2026-09-25,124.54831553563896,0.05,6.227415776781949
2026-09-26,DEL_BLR,107.23231614711399,5,1849,2026-09-25,131.19976604585517,0.05,6.5599883022927585
2026-09-26,DEL_BOM,103.63461425653244,5,2383,2026-09-25,120.49182846616222,0.05,6.024591423308111
2026-09-26,DEL_CCU,94.10879049239455,5,1378,2026-09-25,151.18515607862693,0.05,7.559257803931347
2026-09-26,DEL_GOI,91.18165794205132,5,1028,2026-09-25,122.96906449309226,0.05,6.148453224654613
2026-09-26,DEL_HYD,100.09967400774701,5,1419,2026-09-25,120.5283005924843,0.05,6.026415029624215
2026-09-26,DEL_MAA,104.41042225896793,5,1118,2026-09-25,129.7323660841592,0.05,6.48661830420796
2026-09-26,HYD_BLR,102.20070408126985,5,1211,2026-09-25,133.01599416358712,0.05,6.650799708179356
2026-09-26,HYD_DEL,96.62705094807218,5,1365,2026-09-25,126.83421926459381,0.05,6.341710963229691
2026-09-26,MAA_BOM,100.29928038564661,5,1139,2026-09-25,97.9914943118189,0.05,4.899574715590945
2026-09-26,MAA_DEL,98.24278460088269,5,1116,2026-09-25,147.7608782751587,0.05,7.388043913757935
2026-09-27,AMD_DEL,138.73106922424327,5,1337,2026-09-26,204.1967258701296,0.05,10.20983629350648
2026-09-27,BLR_BOM,128.82537126598191,5,2971,2026-09-26,132.3772234941221,0.05,6.618861174706105
2026-09-27,BLR_DEL,121.25126363959794,5,3667,2026-09-26,147.50718723279329,0.05,7.375359361639664
2026-09-27,BLR_HYD,163.41303336071934,5,2492,2026-09-26,167.8854828320815,0.05,8.394274141604075
2026-09-27,BOM_BLR,128.30660344853536,5,3037,2026-09-26,133.36009543305497,0.05,6.668004771652749
2026-09-27,BOM_DEL,118.1046054374026,5,3920,2026-09-26,148.70768410349393,0.05,7.435384205174697
2026-09-27,BOM_GOI,170.43918942526034,5,1531,2026-09-26,206.9717544678475,0.05,10.348587723392376
2026-09-27,BOM_MAA,136.49263327433107,5,2051,2026-09-26,87.5453436458037,0.05,4.377267182290185
2026-09-27,CCU_DEL,116.75357586584862,5,2272,2026-09-26,151.48940512735678,0.05,7.574470256367839
2026-09-27,DEL_AMD,169.34756247894802,5,1756,2026-09-26,210.9195364681935,0.05,10.545976823409676
2026-09-27,DEL_BLR,125.02929862676224,5,3911,2026-09-26,164.03814728708568,0.05,8.201907364354284
2026-09-27,DEL_BOM,128.4034169454646,5,3821,2026-09-26,154.7156248906203,0.05,7.735781244531015
2026-09-27,DEL_CCU,127.80547387276548,5,2570,2026-09-26,193.22290515156925,0.05,9.661145257578463
2026-09-27,DEL_GOI,129.91655376100124,5,2316,2026-09-26,159.7571707815685,0.05,7.987858539078426
2026-09-27,DEL_HYD,130.5724685736456,5,2475,2026-09-26,157.37677741347068,0.05,7.868838870673534
2026-09-27,DEL_MAA,128.4445852384192,5,2774,2026-09-26,166.6341995367859,0.05,8.331709976839296
2026-09-27,HYD_BLR,142.48855445180408,5,2286,2026-09-26,189.53256727339135,0.05,9.476628363669567
2026-09-27,HYD_DEL,120.95400155178439,5,2180,2026-09-26,153.4110635374904,0.05,7.67055317687452
2026-09-27,MAA_BOM,131.52693291954955,5,2116,2026-09-26,128.88520699037025,0.05,6.444260349518513
2026-09-27,MAA_DEL,118.63075215782268,5,2288,2026-09-26,175.28984129282554,0.05,8.764492064641278
2026-09-28,AMD_DEL,94.5172371943369,5,928,2026-09-27,193.00110373374028,0.05,9.650055186687014
2026-09-28,BLR_BOM,95.39486174416466,5,2687,2026-09-27,126.28106933298163,0.05,6.3140534666490815
2026-09-28,BLR_DEL,97.07249719605909,5,2672,2026-09-27,143.1889101905389,0.05,7.159445509526946
2026-09-28,BLR_HYD,107.85299635914866,5,1522,2026-09-27,181.069523686424,0.05,9.0534761843212
2026-09-28,BOM_BLR,93.89029212532898,5,2608,2026-09-27,125.21218318071281,0.05,6.260609159035641
2026-09-28,BOM_DEL,95.65373225201591,5,3404,2026-09-27,142.24444999052972,0.05,7.112222499526486
2026-09-28,BOM_GOI,95.28490049261794,5,1282,2026-09-27,197.212830292514,0.05,9.860641514625701
2026-09-28,BOM_MAA,91.13044691834281,5,1388,2026-09-27,79.78046292061994,0.05,3.989023146030997
2026-09-28,CCU_DEL,97.27858986926199,5,2061,2026-09-27,147.36675710922614,0.05,7.3683378554613075
2026-09-28,DEL_AMD,93.62695623487001,5,1239,2026-09-27,197.4775420998662,0.05,9.873877104993312
2026-09-28,DEL_BLR,91.90517904519416,5,3441,2026-09-27,150.7595529666154,0.05,7.53797764833077
2026-09-28,DEL_BOM,92.48727209253465,5,3491,2026-09-27,143.09226096225325,0.05,7.154613048112663
2026-09-28,DEL_CCU,94.06061351586095,5,2450,2026-09-27,181.7466500387361,0.05,9.087332501936805
2026-09-28,DEL_GOI,102.24723225581916,5,1765,2026-09-27,163.347285454356,0.05,8.167364272717801
2026-09-28,DEL_HYD,97.2461733893854,5,2424,2026-09-27,153.04289383813082,0.05,7.652144691906542
2026-09-28,DEL_MAA,92.27040064692218,5,2155,2026-09-27,153.75404352738408,0.05,7.687702176369204
2026-09-28,HYD_BLR,96.23223173523483,5,1431,2026-09-27,182.3914193522698,0.05,9.11957096761349
2026-09-28,HYD_DEL,97.39877092239976,5,2238,2026-09-27,149.42049034449744,0.05,7.471024517224873
2026-09-28,MAA_BOM,93.59263693069082,5,1320,2026-09-27,120.62706383586658,0.05,6.031353191793329
2026-09-28,MAA_DEL,95.08356575459679,5,1886,2026-09-27,166.6718315067921,0.05,8.333591575339605
2026-09-29,AMD_DEL,104.35450799555751,5,1294,2026-09-28,201.40535222734027,0.05,10.070267611367015
2026-09-29,BLR_BOM,101.67435308691715,5,3052,2026-09-28,128.3954603155504,0.05,6.41977301577752
2026-09-29,BLR_DEL,105.25514577371341,5,3559,2026-09-28,150.71369615284328,0.05,7.5356848076421645
2026-09-29,BLR_HYD,94.31895244660055,5,2351,2026-09-28,170.78287794108437,0.05,8.539143897054219
2026-09-29,BOM_BLR,98.64417969937178,5,3059,2026-09-28,123.5145309822889,0.05,6.1757265491144455
2026-09-29,BOM_DEL,102.66887165712733,5,3775,2026-09-28,146.0407718001636,0.05,7.302038590008181
2026-09-29,BOM_GOI,117.79731704613354,5,1544,2026-09-28,232.311422955326,0.05,11.615571147766302
2026-09-29,BOM_MAA,100.97358657520802,5,1939,2026-09-28,80.5571947972539,0.05,4.027859739862695
2026-09-29,CCU_DEL,101.70192351773105,5,2436,2026-09-28,149.87482660578564,0.05,7.493741330289282
2026-09-29,DEL_AMD,99.59302490799915,5,1574,2026-09-28,196.67385769122427,0.05,9.833692884561215
2026-09-29,DEL_BLR,98.90911682445174,5,3837,2026-09-28,149.11494236777082,0.05,7.455747118388541
2026-09-29,DEL_BOM,96.83750941293054,5,3766,2026-09-28,138.56698167849711,0.05,6.928349083924856
2026-09-29,DEL_CCU,101.33064983676587,5,2722,2026-09-28,184.16506154080398,0.05,9.2082530770402
2026-09-29,DEL_GOI,105.56421494159228,5,2374,2026-09-28,172.43627951829268,0.05,8.621813975914634
2026-09-29,DEL_HYD,97.73401070425533,5,2746,2026-09-28,149.5749582458609,0.05,7.478747912293045
2026-09-29,DEL_MAA,100.9132923328306,5,2444,2026-09-28,155.1582674183367,0.05,7.757913370916835
2026-09-29,HYD_BLR,104.60232281428526,5,2217,2026-09-28,190.785661256418,0.05,9.5392830628209
2026-09-29,HYD_DEL,102.1451223579434,5,2598,2026-09-28,152.6257426902259,0.05,7.631287134511296
2026-09-29,MAA_BOM,99.44756292689031,5,1975,2026-09-28,119.96067521503358,0.05,5.998033760751679
2026-09-29,MAA_DEL,103.95563152208017,5,2237,2026-09-28,173.2647550123031,0.05,8.663237750615156
2026-09-30,AMD_DEL,106.40883542869751,5,1323,2026-09-29,214.31308979617907,0.05,10.715654489808955
2026-09-30,BLR_BOM,116.48166333863935,5,3091,2026-09-29,149.5571678268557,0.05,7.477858391342785
2026-09-30,BLR_DEL,116.99789298060068,5,3598,2026-09-29,176.33184893201127,0.05,8.816592446600565
2026-09-30,BLR_HYD,116.85021349675738,5,2411,2026-09-29,199.56015749006366,0.05,9.978007874503184
2026-09-30,BOM_BLR,113.13124880303603,5,3039,2026-09-29,139.73353135347628,0.05,6.986676567673815
2026-09-30,BOM_DEL,127.089377639358,5,3836,2026-09-29,185.60230798054297,0.05,9.28011539902715
2026-09-30,BOM_GOI,120.14514023483814,5,1520,2026-09-29,279.1108848912244,0.05,13.955544244561219
2026-09-30,BOM_MAA,112.00747715066022,5,1939,2026-09-29,90.230081555747,0.05,4.51150407778735
2026-09-30,CCU_DEL,108.52290034149341,5,2487,2026-09-29,162.6485087143828,0.05,8.13242543571914
2026-09-30,DEL_AMD,111.23697178661648,5,1546,2026-09-29,218.7740435916374,0.05,10.93870217958187
2026-09-30,DEL_BLR,110.14693346965757,5,3824,2026-09-29,164.24553636314675,0.05,8.212276818157338
2026-09-30,DEL_BOM,114.900257231465,5,3853,2026-09-29,159.21381838647017,0.05,7.9606909193235085
2026-09-30,DEL_CCU,105.58543737440039,5,2704,2026-09-29,194.45148571869152,0.05,9.722574285934577
2026-09-30,DEL_GOI,114.50671120281675,5,2298,2026-09-29,197.45111259689327,0.05,9.872555629844664
2026-09-30,DEL_HYD,114.50813581564094,5,2805,2026-09-29,171.27549633435862,0.05,8.563774816717931
2026-09-30,DEL_MAA,115.63345330840409,5,2525,2026-09-29,179.41486270931108,0.05,8.970743135465554
2026-09-30,HYD_BLR,114.52194706643604,5,2325,2026-09-29,218.491453994425,0.05,10.924572699721251
2026-09-30,HYD_DEL,115.60964399093321,5,2656,2026-09-29,176.45007776268795,0.05,8.822503888134397
2026-09-30,MAA_BOM,111.18914634411706,5,2055,2026-09-29,133.38325072023466,0.05,6.669162536011733
2026-09-30,MAA_DEL,114.7622490923244,5,2400,2026-09-29,198.84252973642492,0.05,9.942126486821246
2026-10-01,AMD_DEL,97.74515269385381,5,1449,2026-09-30,209.48065686419125,0.05,10.474032843209564
2026-10-01,BLR_BOM,105.14663178104179,5,2895,2026-09-30,157.25432455705865,0.05,7.862716227852933
2026-10-01,BLR_DEL,105.42566067777196,5,3588,2026-09-30,185.89901672190365,0.05,9.294950836095182
2026-10-01,BLR_HYD,108.52791330187317,5,2431,2026-09-30,216.57847470589786,0.05,10.828923735294893
2026-10-01,BOM_BLR,98.36903701354811,5,3032,2026-09-30,137.45452917743893,0.05,6.872726458871947
2026-10-01,BOM_DEL,97.0778043279871,5,3720,2026-09-30,180.1786453695795,0.05,9.008932268478976
2026-10-01,BOM_GOI,102.31678975938705,5,1494,2026-09-30,285.57729728971884,0.05,14.278864864485943
2026-10-01,BOM_MAA,99.81109659516012,5,1903,2026-09-30,90.0596338594984,0.05,4.50298169297492
2026-10-01,CCU_DEL,113.52731119714966,5,2524,2026-09-30,184.65047864570045,0.05,9.232523932285023
2026-10-01,DEL_AMD,106.03303087920267,5,1603,2026-09-30,231.97274919720118,0.05,11.59863745986006
2026-10-01,DEL_BLR,105.61551648814002,5,3826,2026-09-30,173.46877153865327,0.05,8.673438576932664
2026-10-01,DEL_BOM,110.80010498442834,5,3799,2026-09-30,176.40907792192604,0.05,8.820453896096302
2026-10-01,DEL_CCU,112.44429086271927,5,2732,2026-09-30,218.6495941884045,0.05,10.932479709420226
2026-10-01,DEL_GOI,105.298956968657,5,2578,2026-09-30,207.9139620875371,0.05,10.395698104376855
2026-10-01,DEL_HYD,107.11626398764386,5,2772,2026-09-30,183.46391279965886,0.05,9.173195639982943
2026-10-01,DEL_MAA,104.75460203552885,5,2485,2026-09-30,187.94532542372926,0.05,9.397266271186464
2026-10-01,HYD_BLR,97.73533377151571,5,2307,2026-09-30,213.54335182368897,0.05,10.67716759118445
2026-10-01,HYD_DEL,107.30715459461744,5,2649,2026-09-30,189.34355772713025,0.05,9.467177886356513
2026-10-01,MAA_BOM,105.45243750040854,5,2103,2026-09-30,140.65588910176865,0.05,7.032794455088433
2026-10-01,MAA_DEL,104.13273056910035,5,2410,2026-09-30,207.0601557472146,0.05,10.353007787360731
2026-10-02,AMD_DEL,96.70830328949339,5,1365,2026-10-01,202.585188973045,0.05,10.12925944865225
2026-10-02,BLR_BOM,105.60622611074794,5,2952,2026-10-01,166.0703575606568,0.05,8.30351787803284
2026-10-02,BLR_DEL,104.41563793359157,5,3506,2026-10-01,194.10764422244975,0.05,9.705382211122489
2026-10-02,BLR_HYD,101.71203951685013,5,2465,2026-10-01,220.2863837778541,0.05,11.014319188892706
2026-10-02,BOM_BLR,101.98178029154995,5,3018,2026-10-01,140.1785759465202,0.05,7.008928797326011
2026-10-02,BOM_DEL,97.76368572185085,5,3542,2026-10-01,176.14928459700386,0.05,8.807464229850194
2026-10-02,BOM_GOI,103.36727267140009,5,1464,2026-10-01,295.1934635770785,0.05,14.759673178853925
2026-10-02,BOM_MAA,101.92735089635767,5,1819,2026-10-01,91.79539901994588,0.05,4.589769950997294
2026-10-02,CCU_DEL,103.31135343559181,5,2354,2026-10-01,190.7649086141716,0.05,9.53824543070858
2026-10-02,DEL_AMD,97.12106985541365,5,1669,2026-10-01,225.2944157933373,0.05,11.264720789666866
2026-10-02,DEL_BLR,99.91061857893503,5,3730,2026-10-01,173.3137226855481,0.05,8.665686134277406
2026-10-02,DEL_BOM,97.80359066580216,5,3555,2026-10-01,172.5344124680765,0.05,8.626720623403825
2026-10-02,DEL_CCU,101.19480262114041,5,2715,2026-10-01,221.26202527088043,0.05,11.063101263544022
2026-10-02,DEL_GOI,89.39192827300198,5,2394,2026-10-01,185.85829985884772,0.05,9.292914992942386
2026-10-02,DEL_HYD,101.61740063302629,5,2729,2026-10-01,186.43125928665532,0.05,9.321562964332767
2026-10-02,DEL_MAA,99.76334118291594,5,2402,2026-10-01,187.50053623981668,0.05,9.375026811990834
2026-10-02,HYD_BLR,112.17946100797619,5,2296,2026-10-01,239.55178109418054,0.05,11.977589054709028
2026-10-02,HYD_DEL,103.34633798093955,5,2555,2026-10-01,195.67963311381538,0.05,9.78398165569077
2026-10-02,MAA_BOM,105.91330839778686,5,2019,2026-10-01,148.9733056040053,0.05,7.448665280200266
2026-10-02,MAA_DEL,100.89886841624282,5,2298,2026-10-01,208.92135408984947,0.05,10.446067704492474
