collection_date,advance_days,mean_stratum_index,mean_movement_pct,route_count,lead_time_weight,contribution_to_national_index
2026-09-04,1,,,20,0.2,
2026-09-04,7,,,20,0.2,
2026-09-04,15,,,20,0.2,
2026-09-04,30,,,20,0.2,
2026-09-04,45,,,20,0.2,
2026-09-05,1,139.4882206685268,39.488220668526736,20,0.2,7.897644133705348
2026-09-05,7,89.4567077238415,-10.543292276158496,20,0.2,-2.108658455231699
2026-09-05,15,110.35688839563537,10.35688839563538,20,0.2,2.071377679127076
2026-09-05,30,89.28220221705189,-10.71779778294811,20,0.2,-2.143559556589622
2026-09-05,45,99.62457507737146,-0.37542492262852534,20,0.2,-0.07508498452570507
2026-09-06,1,86.49578672225991,-13.504213277740078,20,0.2,-2.7008426555480156
2026-09-06,7,80.03493813621024,-19.965061863789757,20,0.2,-3.9930123727579514
2026-09-06,15,80.04632023471248,-19.953679765287504,20,0.2,-3.990735953057501
2026-09-06,30,86.22473993124285,-13.775260068757149,20,0.2,-2.75505201375143
2026-09-06,45,100.76808318688511,0.7680831868851214,20,0.2,0.1536166373770243
2026-09-07,1,74.36307715513593,-25.636922844864074,20,0.2,-5.127384568972815
2026-09-07,7,79.81724054358212,-20.18275945641787,20,0.2,-4.036551891283574
2026-09-07,15,79.75005780919884,-20.24994219080118,20,0.2,-4.049988438160236
2026-09-07,30,83.52576423439952,-16.47423576560047,20,0.2,-3.294847153120094
2026-09-07,45,79.40142386282778,-20.598576137172216,20,0.2,-4.119715227434443
2026-09-08,1,103.70051311778718,3.7005131177871817,20,0.2,0.7401026235574364
2026-09-08,7,101.64372261045389,1.643722610453878,20,0.2,0.32874452209077565
2026-09-08,15,106.2980842770838,6.298084277083831,20,0.2,1.2596168554167662
2026-09-08,30,102.87419724249432,2.8741972424943185,20,0.2,0.5748394484988637
2026-09-08,45,102.8075055031763,2.8075055031763014,20,0.2,0.5615011006352603
2026-09-09,1,101.04711646067732,1.0471164606773016,20,0.2,0.20942329213546032
2026-09-09,7,100.3891172521301,0.38911725213012005,20,0.2,0.07782345042602401
2026-09-09,15,99.4901769269942,-0.5098230730057907,20,0.2,-0.10196461460115813
2026-09-09,30,101.37360784382545,1.3736078438254538,20,0.2,0.27472156876509074
2026-09-09,45,102.19877213065804,2.1987721306580426,20,0.2,0.43975442613160853
2026-09-10,1,115.03640082752979,15.03640082752979,20,0.2,3.007280165505958
2026-09-10,7,106.60837131025407,6.608371310254057,20,0.2,1.3216742620508115
2026-09-10,15,107.98299622761267,7.982996227612674,20,0.2,1.5965992455225348
2026-09-10,30,106.04608960321438,6.046089603214412,20,0.2,1.2092179206428826
2026-09-10,45,104.76861257621972,4.768612576219724,20,0.2,0.9537225152439448
2026-09-11,1,91.88068117915574,-8.119318820844256,20,0.2,-1.6238637641688514
2026-09-11,7,101.96402362782803,1.9640236278280412,20,0.2,0.39280472556560825
2026-09-11,15,98.36267998960611,-1.6373200103938927,20,0.2,-0.32746400207877857
2026-09-11,30,99.8949323488973,-0.10506765110267224,20,0.2,-0.02101353022053445
2026-09-11,45,98.1131447148417,-1.886855285158319,20,0.2,-0.3773710570316638
2026-09-12,1,91.02453970941448,-8.975460290585517,20,0.2,-1.7950920581171035
2026-09-12,7,95.6065166139505,-4.39348338604951,20,0.2,-0.8786966772099021
2026-09-12,15,97.22431858287166,-2.7756814171283395,20,0.2,-0.5551362834256679
2026-09-12,30,95.5087497363888,-4.491250263611207,20,0.2,-0.8982500527222413
2026-09-12,45,95.41761586459616,-4.582384135403842,20,0.2,-0.9164768270807685
2026-09-13,1,99.91355179239103,-0.08644820760896721,20,0.2,-0.017289641521793443
2026-09-13,7,101.77134351124039,1.7713435112404028,20,0.2,0.3542687022480806
2026-09-13,15,98.25243161025105,-1.747568389748949,20,0.2,-0.3495136779497898
2026-09-13,30,98.87926470775756,-1.1207352922424292,20,0.2,-0.22414705844848584
2026-09-13,45,100.80568773617267,0.8056877361726578,20,0.2,0.16113754723453155
2026-09-14,1,104.03866448144638,4.038664481446375,20,0.2,0.807732896289275
2026-09-14,7,97.71795032489202,-2.2820496751079844,20,0.2,-0.4564099350215969
2026-09-14,15,100.23821938323808,0.238219383238075,20,0.2,0.047643876647615005
2026-09-14,30,104.29518465510012,4.295184655100115,20,0.2,0.8590369310200231
2026-09-14,45,101.38743628800691,1.38743628800691,20,0.2,0.277487257601382
2026-09-15,1,98.88138381400286,-1.1186161859971406,20,0.2,-0.22372323719942813
2026-09-15,7,98.93567968471281,-1.0643203152871763,20,0.2,-0.21286406305743527
2026-09-15,15,105.02966397867608,5.0296639786760835,20,0.2,1.0059327957352167
2026-09-15,30,101.83239213462382,1.8323921346238166,20,0.2,0.36647842692476335
2026-09-15,45,102.39153433984946,2.391534339849443,20,0.2,0.4783068679698886
2026-09-16,1,109.73739534702561,9.737395347025625,20,0.2,1.9474790694051252
2026-09-16,7,106.58324432869547,6.583244328695471,20,0.2,1.3166488657390945
2026-09-16,15,105.73285370561636,5.732853705616392,20,0.2,1.1465707411232786
2026-09-16,30,114.66981069614295,14.66981069614296,20,0.2,2.9339621392285924
2026-09-16,45,106.50318939420697,6.503189394206942,20,0.2,1.3006378788413884
2026-09-17,1,162.6112797402589,62.61127974025891,20,0.2,12.522255948051782
2026-09-17,7,137.8368725858861,37.83687258588614,20,0.2,7.567374517177228
2026-09-17,15,135.4172086831731,35.41720868317307,20,0.2,7.083441736634615
2026-09-17,30,151.56793246571505,51.567932465715074,20,0.2,10.313586493143015
2026-09-17,45,141.53475756294756,41.53475756294759,20,0.2,8.306951512589519
2026-09-18,1,97.13986389198355,-2.8601361080164622,20,0.2,-0.5720272216032924
2026-09-18,7,110.67150552692529,10.671505526925301,20,0.2,2.1343011053850605
2026-09-18,15,97.06073727595738,-2.939262724042621,20,0.2,-0.5878525448085242
2026-09-18,30,97.58690278251584,-2.4130972174841503,20,0.2,-0.48261944349683006
2026-09-18,45,99.86036509932568,-0.1396349006743236,20,0.2,-0.02792698013486472
2026-09-20,1,101.40229155045841,1.4022915504584148,20,0.2,0.280458310091683
2026-09-20,7,96.26873464319955,-3.7312653568004492,20,0.2,-0.7462530713600899
2026-09-20,15,104.65628725512559,4.656287255125605,20,0.2,0.931257451025121
2026-09-20,30,100.23785603593343,0.23785603593341875,20,0.2,0.047571207186683756
2026-09-20,45,109.1694354827213,9.169435482721298,20,0.2,1.8338870965442595
2026-09-21,1,95.09709896967243,-4.90290103032757,20,0.2,-0.980580206065514
2026-09-21,7,95.6303635339437,-4.369636466056306,20,0.2,-0.8739272932112613
2026-09-21,15,95.14595013288267,-4.8540498671173395,20,0.2,-0.970809973423468
2026-09-21,30,100.85831997873798,0.8583199787379812,20,0.2,0.17166399574759625
2026-09-21,45,105.79002575467928,5.790025754679277,20,0.2,1.1580051509358555
2026-09-22,1,105.81581479756434,5.815814797564343,20,0.2,1.1631629595128687
2026-09-22,7,99.36706466064831,-0.6329353393516755,20,0.2,-0.1265870678703351
2026-09-22,15,104.42139902150231,4.42139902150231,20,0.2,0.884279804300462
2026-09-22,30,100.23048498525193,0.23048498525193395,20,0.2,0.04609699705038679
2026-09-22,45,106.85135263158887,6.851352631588867,20,0.2,1.3702705263177735
2026-09-23,1,99.48286369583666,-0.5171363041633299,20,0.2,-0.10342726083266598
2026-09-23,7,104.19328276617769,4.193282766177688,20,0.2,0.8386565532355377
2026-09-23,15,102.08063644469226,2.08063644469226,20,0.2,0.416127288938452
2026-09-23,30,98.3704976612603,-1.629502338739698,20,0.2,-0.3259004677479396
2026-09-23,45,94.66955621022058,-5.330443789779437,20,0.2,-1.0660887579558875
2026-09-24,1,110.08637659433938,10.086376594339384,20,0.2,2.017275318867877
2026-09-24,7,112.15776825020578,12.157768250205777,20,0.2,2.4315536500411556
2026-09-24,15,103.9909449592172,3.9909449592172024,20,0.2,0.7981889918434405
2026-09-24,30,101.99730246647074,1.997302466470714,20,0.2,0.3994604932941428
2026-09-24,45,89.22393886440811,-10.776061135591888,20,0.2,-2.1552122271183776
2026-09-25,1,91.36132512567148,-8.63867487432853,20,0.2,-1.727734974865706
2026-09-25,7,92.99496648334039,-7.005033516659594,20,0.2,-1.401006703331919
2026-09-25,15,100.56251170882841,0.56251170882841,20,0.2,0.112502341765682
2026-09-25,30,106.53437840325766,6.534378403257662,20,0.2,1.3068756806515325
2026-09-25,45,104.09040071035486,4.0904007103548565,20,0.2,0.8180801420709714
2026-09-26,1,106.58945886096964,6.589458860969643,20,0.2,1.3178917721939287
2026-09-26,7,91.2301493806407,-8.76985061935929,20,0.2,-1.753970123871858
2026-09-26,15,96.69090245869319,-3.3090975413068264,20,0.2,-0.6618195082613654
2026-09-26,30,91.64252636168123,-8.35747363831878,20,0.2,-1.671494727663756
2026-09-26,45,103.10739125314856,3.1073912531485632,20,0.2,0.6214782506297127
2026-09-27,1,126.4609737575428,26.460973757542803,20,0.2,5.292194751508561
2026-09-27,7,165.4959842289866,65.49598422898663,20,0.2,13.099196845797326
2026-09-27,15,120.01620886504391,20.016208865043907,20,0.2,4.0032417730087815
2026-09-27,30,120.7534756514685,20.753475651468506,20,0.2,4.150695130293701
2026-09-27,45,136.1325938769301,36.13259387693006,20,0.2,7.226518775386012
2026-09-28,1,95.82611487051346,-4.17388512948655,20,0.2,-0.83477702589731
2026-09-28,7,85.71391687703093,-14.286083122969075,20,0.2,-2.857216624593815
2026-09-28,15,99.28960034350953,-0.7103996564904662,20,0.2,-0.14207993129809324
2026-09-28,30,101.39993738909052,1.3999373890905247,20,0.2,0.27998747781810496
2026-09-28,45,96.32707718855198,-3.6729228114480037,20,0.2,-0.7345845622896008
2026-09-29,1,108.110569104208,8.110569104207997,20,0.2,1.6221138208415995
2026-09-29,7,90.82986227995087,-9.170137720049127,20,0.2,-1.8340275440098255
2026-09-29,15,108.17887662341778,8.17887662341775,20,0.2,1.63577532468355
2026-09-29,30,100.80919685753949,0.8091968575394901,20,0.2,0.16183937150789804
2026-09-29,45,101.67681922998013,1.6768192299801399,20,0.2,0.335363845996028
2026-09-30,1,125.06655422103297,25.066554221032973,20,0.2,5.013310844206595
2026-09-30,7,113.61183174028822,13.611831740288224,20,0.2,2.722366348057645
2026-09-30,15,110.95390173822457,10.953901738224545,20,0.2,2.190780347644909
2026-09-30,30,110.22574311141747,10.225743111417472,20,0.2,2.0451486222834947
2026-09-30,45,110.20087821325993,10.200878213259926,20,0.2,2.0401756426519855
2026-10-01,1,84.1142989825876,-15.885701017412401,20,0.2,-3.1771402034824803
2026-10-01,7,109.76350793647416,9.763507936474156,20,0.2,1.9527015872948312
2026-10-01,15,116.31640743270347,16.316407432703457,20,0.2,3.2632814865406914
2026-10-01,30,100.84977618515695,0.849776185156955,20,0.2,0.169955237031391
2026-10-01,45,112.61546446051152,12.615464460511518,20,0.2,2.5230928921023037
2026-10-02,1,90.2781507381869,-9.721849261813105,20,0.2,-1.9443698523626212
2026-10-02,7,111.00390933288227,11.003909332882273,20,0.2,2.2007818665764547
2026-10-02,15,96.37156638190156,-3.628433618098427,20,0.2,-0.7256867236196854
2026-10-02,30,114.45182166796224,14.451821667962264,20,0.2,2.890364333592453
2026-10-02,45,94.3781462492206,-5.621853750779408,20,0.2,-1.1243707501558817
2026-10-03,1,154.63661761282435,54.63661761282435,20,0.2,10.92732352256487
2026-10-03,7,97.47006311047774,-2.5299368895222614,20,0.2,-0.5059873779044523
2026-10-03,15,89.95063381482412,-10.04936618517587,20,0.2,-2.009873237035174
2026-10-03,30,84.56793625658085,-15.43206374341915,20,0.2,-3.08641274868383
2026-10-03,45,80.97990209774478,-19.020097902255202,20,0.2,-3.8040195804510404
