collection_date,route,route_link_index,lead_time_strata,observations,previous_collection_date,route_index
2026-09-04,AMD_DEL,,5,809,,
2026-09-05,AMD_DEL,88.73369736895948,5,531,2026-09-04,100.0
2026-09-06,AMD_DEL,102.90163128418757,5,1375,2026-09-05,102.90163128418757
2026-09-07,AMD_DEL,74.52080498994455,5,1889,2026-09-06,76.6831239807612
2026-09-08,AMD_DEL,104.26782253208444,5,3428,2026-09-07,79.95582362431837
2026-09-09,AMD_DEL,100.30038184266557,5,1881,2026-09-08,80.19599640063953
2026-09-10,AMD_DEL,102.146198078703,5,887,2026-09-09,81.91716133458678
2026-09-11,AMD_DEL,99.5331802205878,5,885,2026-09-10,81.53475582274392
2026-09-12,AMD_DEL,96.97325310957464,5,1033,2026-09-11,79.06690513626312
2026-09-13,AMD_DEL,99.60965740904251,5,1017,2026-09-12,78.75827333016433
2026-09-14,AMD_DEL,100.39814029099838,5,1049,2026-09-13,79.07184174878634
2026-09-15,AMD_DEL,101.360649398358,5,950,2026-09-14,80.14773228781179
2026-09-16,AMD_DEL,120.6759195974375,5,1212,2026-09-15,96.71901297480922
2026-09-17,AMD_DEL,141.50590100685082,5,1035,2026-09-16,136.86311075493674
2026-09-18,AMD_DEL,104.29154590608714,5,1087,2026-09-17,142.73665398148376
2026-09-20,AMD_DEL,107.17311944917746,5,1051,2026-09-18,152.9753246693347
2026-09-21,AMD_DEL,99.15104823240222,5,1237,2026-09-20,151.67663794656593
2026-09-22,AMD_DEL,112.97804673739006,5,1344,2026-09-21,171.36130290897316
2026-09-23,AMD_DEL,91.60441042592711,5,752,2026-09-22,156.97451122795195
2026-09-24,AMD_DEL,103.88082774269473,5,1155,2026-09-23,163.06642160864578
2026-09-25,AMD_DEL,100.24024614842003,5,1167,2026-09-24,163.45818240592692
2026-09-26,AMD_DEL,90.04681896812403,5,967,2026-09-25,147.18889359965098
2026-09-27,AMD_DEL,138.73106922424327,5,1337,2026-09-26,204.1967258701296
2026-09-28,AMD_DEL,94.5172371943369,5,928,2026-09-27,193.00110373374028
2026-09-29,AMD_DEL,104.35450799555751,5,1294,2026-09-28,201.40535222734027
2026-09-30,AMD_DEL,106.40883542869751,5,1323,2026-09-29,214.31308979617907
2026-10-01,AMD_DEL,97.74515269385381,5,1449,2026-09-30,209.48065686419125
2026-10-02,AMD_DEL,96.70830328949339,5,1365,2026-10-01,202.585188973045
2026-09-04,BLR_BOM,,5,1139,,
2026-09-05,BLR_BOM,97.32129475818293,5,1103,2026-09-04,100.0
2026-09-06,BLR_BOM,86.86744715116303,5,1944,2026-09-05,86.86744715116303
2026-09-07,BLR_BOM,82.58060989021183,5,3319,2026-09-06,71.73566765348788
2026-09-08,BLR_BOM,102.99898761742422,5,6518,2026-09-07,73.88701144369257
2026-09-09,BLR_BOM,97.2920361982752,5,3087,2026-09-08,71.88617791962112
2026-09-10,BLR_BOM,104.25929430458461,5,1530,2026-09-09,74.9480218015351
2026-09-11,BLR_BOM,93.74218202928658,5,1507,2026-09-10,70.25791102454443
2026-09-12,BLR_BOM,98.72460783632236,5,1646,2026-09-11,69.36184713297378
2026-09-13,BLR_BOM,98.53212737765355,5,1650,2026-09-12,68.34370356855507
2026-09-14,BLR_BOM,102.09391196468889,5,1648,2026-09-13,69.77476055468854
2026-09-15,BLR_BOM,101.09420165426906,5,1658,2026-09-14,70.53823713894022
2026-09-16,BLR_BOM,109.21801009730152,5,1904,2026-09-15,77.04045896086622
2026-09-17,BLR_BOM,134.39118211100782,5,1322,2026-09-16,103.53558350125397
2026-09-18,BLR_BOM,101.02212790311447,5,1686,2026-09-17,104.59384958987266
2026-09-20,BLR_BOM,95.22570349239467,5,1231,2026-09-18,99.6002290817334
2026-09-21,BLR_BOM,97.84864875963726,5,1856,2026-09-20,97.45747831797941
2026-09-22,BLR_BOM,100.15009239302006,5,2245,2026-09-21,97.60375457936387
2026-09-23,BLR_BOM,102.17482812594851,5,1376,2026-09-22,99.72646848593762
2026-09-24,BLR_BOM,100.77310710046314,5,2080,2026-09-23,100.49746089484353
2026-09-25,BLR_BOM,102.80485862665924,5,1889,2026-09-24,103.31627259632603
2026-09-26,BLR_BOM,99.45878181938602,5,1588,2026-09-25,102.75710614550202
2026-09-27,BLR_BOM,128.82537126598191,5,2971,2026-09-26,132.3772234941221
2026-09-28,BLR_BOM,95.39486174416466,5,2687,2026-09-27,126.28106933298163
2026-09-29,BLR_BOM,101.67435308691715,5,3052,2026-09-28,128.3954603155504
2026-09-30,BLR_BOM,116.48166333863935,5,3091,2026-09-29,149.5571678268557
2026-10-01,BLR_BOM,105.14663178104179,5,2895,2026-09-30,157.25432455705865
2026-10-02,BLR_BOM,105.60622611074794,5,2952,2026-10-01,166.0703575606568
2026-09-04,BLR_DEL,,5,1474,,
2026-09-05,BLR_DEL,105.51478105830677,5,1222,2026-09-04,100.0
2026-09-06,BLR_DEL,78.98240794784138,5,2362,2026-09-05,78.98240794784138
2026-09-07,BLR_DEL,83.19011410484244,5,3631,2026-09-06,65.70555529456138
2026-09-08,BLR_DEL,102.5367977349919,5,7184,2026-09-07,67.37237233303766
2026-09-09,BLR_DEL,100.70565228303165,5,3625,2026-09-08,67.84778701653832
2026-09-10,BLR_DEL,110.45165409255621,5,1708,2026-09-09,74.93900302496117
2026-09-11,BLR_DEL,98.9054889069433,5,1757,2026-09-10,74.11878732382688
2026-09-12,BLR_DEL,92.12543525289982,5,1913,2026-09-11,68.28225542624665
2026-09-13,BLR_DEL,99.4901150384621,5,1958,2026-09-12,67.93409447442932
2026-09-14,BLR_DEL,100.45224159596928,5,1976,2026-09-13,68.24132070748776
2026-09-15,BLR_DEL,102.70835551639614,5,1972,2026-09-14,70.08953828133059
2026-09-16,BLR_DEL,114.99371440869439,5,2945,2026-09-15,80.59856348160582
2026-09-17,BLR_DEL,158.39189632283586,5,2134,2026-09-16,127.66159310748014
2026-09-18,BLR_DEL,93.11024457893478,5,2165,2026-09-17,118.86602157573931
2026-09-20,BLR_DEL,106.03746491878374,5,2229,2026-09-18,126.04251592872848
2026-09-21,BLR_DEL,97.29960188141283,5,2899,2026-09-20,122.63886619996916
2026-09-22,BLR_DEL,102.89369120512308,5,3270,2026-09-21,126.18765628526033
2026-09-23,BLR_DEL,100.2027325152242,5,2106,2026-09-22,126.44347969474991
2026-09-24,BLR_DEL,107.04157170987844,5,2392,2026-09-23,135.3470879899213
2026-09-25,BLR_DEL,96.2675253148972,5,2375,2026-09-24,130.29529219367367
2026-09-26,BLR_DEL,93.36802754042046,5,1833,2026-09-25,121.65414429926054
2026-09-27,BLR_DEL,121.25126363959794,5,3667,2026-09-26,147.50718723279329
2026-09-28,BLR_DEL,97.07249719605909,5,2672,2026-09-27,143.1889101905389
2026-09-29,BLR_DEL,105.25514577371341,5,3559,2026-09-28,150.71369615284328
2026-09-30,BLR_DEL,116.99789298060068,5,3598,2026-09-29,176.33184893201127
2026-10-01,BLR_DEL,105.42566067777196,5,3588,2026-09-30,185.89901672190365
2026-10-02,BLR_DEL,104.41563793359157,5,3506,2026-10-01,194.10764422244975
2026-09-04,BLR_HYD,,5,1067,,
2026-09-05,BLR_HYD,93.57725021102655,5,833,2026-09-04,100.0
2026-09-06,BLR_HYD,78.71059615300442,5,1653,2026-09-05,78.71059615300442
2026-09-07,BLR_HYD,81.32623773589195,5,2694,2026-09-06,64.01236655073019
2026-09-08,BLR_HYD,101.92679310704469,5,5374,2026-09-07,65.24575241708584
2026-09-09,BLR_HYD,100.10940837086498,5,2619,2026-09-08,65.31713673186397
2026-09-10,BLR_HYD,104.18112943747433,5,1239,2026-09-09,68.04813076347529
2026-09-11,BLR_HYD,96.02675040848551,5,1270,2026-09-10,65.34440868588226
2026-09-12,BLR_HYD,96.41564315924393,5,1397,2026-09-11,63.00223190309823
2026-09-13,BLR_HYD,100.50659911035913,5,1391,2026-09-12,63.321400649425726
2026-09-14,BLR_HYD,108.70637787777977,5,1474,2026-09-13,68.83440106746762
2026-09-15,BLR_HYD,101.79113228676003,5,1407,2026-09-14,70.06731624938493
2026-09-16,BLR_HYD,108.71236227715451,5,1412,2026-09-15,76.1718346789109
2026-09-17,BLR_HYD,150.18343283412491,5,969,2026-09-16,114.3974761735228
2026-09-18,BLR_HYD,91.35787858532169,5,1390,2026-09-17,104.51110738727927
2026-09-20,BLR_HYD,108.7626026180825,5,1031,2026-09-18,113.669000419384
2026-09-21,BLR_HYD,95.30016325846059,5,1529,2026-09-20,108.3267429739332
2026-09-22,BLR_HYD,97.50824923648483,5,1624,2026-09-21,105.6275105287891
2026-09-23,BLR_HYD,107.37356212459494,5,1016,2026-09-22,113.41602063829242
2026-09-24,BLR_HYD,105.15296881708043,5,1240,2026-09-23,119.26031281535714
2026-09-25,BLR_HYD,92.72981111154203,5,1602,2026-09-24,110.58986280471483
2026-09-26,BLR_HYD,92.89902009937394,5,1181,2026-09-25,102.73689887482209
2026-09-27,BLR_HYD,163.41303336071934,5,2492,2026-09-26,167.8854828320815
2026-09-28,BLR_HYD,107.85299635914866,5,1522,2026-09-27,181.069523686424
2026-09-29,BLR_HYD,94.31895244660055,5,2351,2026-09-28,170.78287794108437
2026-09-30,BLR_HYD,116.85021349675738,5,2411,2026-09-29,199.56015749006366
2026-10-01,BLR_HYD,108.52791330187317,5,2431,2026-09-30,216.57847470589786
2026-10-02,BLR_HYD,101.71203951685013,5,2465,2026-10-01,220.2863837778541
2026-09-04,BOM_BLR,,5,1394,,
2026-09-05,BOM_BLR,102.7687432419128,5,1166,2026-09-04,100.0
2026-09-06,BOM_BLR,75.4990728131933,5,2044,2026-09-05,75.4990728131933
2026-09-07,BOM_BLR,83.35998261995414,5,3389,2026-09-06,62.93601397530445
2026-09-08,BOM_BLR,103.31600674270135,5,6722,2026-09-07,65.022976442313
2026-09-09,BOM_BLR,98.39639852380174,5,3165,2026-09-08,63.98026703221601
2026-09-10,BOM_BLR,117.37709014163065,5,1503,2026-09-09,75.09817570726018
2026-09-11,BOM_BLR,94.57913904695589,5,1529,2026-09-10,71.02720802389686
2026-09-12,BOM_BLR,95.5454580554029,5,1654,2026-09-11,67.86327125039614
2026-09-13,BOM_BLR,101.31082261294952,5,1662,2026-09-12,68.7528383558336
2026-09-14,BOM_BLR,102.31898884617306,5,1664,2026-09-13,70.34720900873278
2026-09-15,BOM_BLR,97.97759106419042,5,1650,2026-09-14,68.92450076764753
2026-09-16,BOM_BLR,103.47570907706206,5,1838,2026-09-15,71.32011589714837
2026-09-17,BOM_BLR,131.84447260091264,5,1177,2026-09-16,94.03163066295492
2026-09-18,BOM_BLR,104.02671339450526,5,1614,2026-09-17,97.81801492993185
2026-09-20,BOM_BLR,102.67698863655048,5,1263,2026-09-18,100.43659207410538
2026-09-21,BOM_BLR,98.07154035110918,5,1834,2026-09-20,98.49971292323518
2026-09-22,BOM_BLR,100.5241138295926,5,2209,2026-09-21,99.01596354077486
2026-09-23,BOM_BLR,99.2467980564069,5,1867,2026-09-22,98.27017337891832
2026-09-24,BOM_BLR,104.23999847852424,5,2082,2026-09-23,102.4368272350276
2026-09-25,BOM_BLR,101.3572604429849,5,1893,2026-09-24,103.82716177013741
2026-09-26,BOM_BLR,100.10733659845812,5,1715,2026-09-25,103.9386063138571
2026-09-27,BOM_BLR,128.30660344853536,5,3037,2026-09-26,133.36009543305497
2026-09-28,BOM_BLR,93.89029212532898,5,2608,2026-09-27,125.21218318071281
2026-09-29,BOM_BLR,98.64417969937178,5,3059,2026-09-28,123.5145309822889
2026-09-30,BOM_BLR,113.13124880303603,5,3039,2026-09-29,139.73353135347628
2026-10-01,BOM_BLR,98.36903701354811,5,3032,2026-09-30,137.45452917743893
2026-10-02,BOM_BLR,101.98178029154995,5,3018,2026-10-01,140.1785759465202
2026-09-04,BOM_DEL,,5,1579,,
2026-09-05,BOM_DEL,111.06565576347336,5,1309,2026-09-04,100.0
2026-09-06,BOM_DEL,89.87311829729114,5,2206,2026-09-05,89.87311829729114
2026-09-07,BOM_DEL,83.38452951369933,5,3818,2026-09-06,74.94027685148666
2026-09-08,BOM_DEL,110.5930987681539,5,7765,2026-09-07,82.8787743954926
2026-09-09,BOM_DEL,98.83663642019039,5,3763,2026-09-08,81.91459291878286
2026-09-10,BOM_DEL,106.20420181912395,5,1810,2026-09-09,86.99673958277798
2026-09-11,BOM_DEL,109.33059969189537,5,1828,2026-09-10,95.11405709824768
2026-09-12,BOM_DEL,97.90585309961897,5,1932,2026-09-11,93.12222901969808
2026-09-13,BOM_DEL,98.7794141578548,5,1938,2026-09-12,91.98559227639362
2026-09-14,BOM_DEL,98.4009899535411,5,1957,2026-09-13,90.51473341459936
2026-09-15,BOM_DEL,100.43678862398517,5,1952,2026-09-14,90.91009147318483
2026-09-16,BOM_DEL,100.91507179437254,5,2381,2026-09-15,91.74198407849423
2026-09-17,BOM_DEL,124.51702608826243,5,1358,2026-09-16,114.23439024890823
2026-09-18,BOM_DEL,103.3182334898153,5,1785,2026-09-17,118.0249540430338
2026-09-20,BOM_DEL,100.75582986338858,5,1457,2026-09-18,118.9170218919417
2026-09-21,BOM_DEL,104.91773723353882,5,2218,2026-09-20,124.76504855453723
2026-09-22,BOM_DEL,104.13900689819738,5,2813,2026-09-21,129.92908252074884
2026-09-23,BOM_DEL,102.85438837821899,5,2226,2026-09-22,133.63776315214764
2026-09-24,BOM_DEL,101.0479110477542,5,2733,2026-09-23,135.03816803619057
2026-09-25,BOM_DEL,97.00492942019774,5,2689,2026-09-24,130.99367959383468
2026-09-26,BOM_DEL,96.12054742989679,5,2278,2026-09-25,125.9118419241589
2026-09-27,BOM_DEL,118.1046054374026,5,3920,2026-09-26,148.70768410349393
2026-09-28,BOM_DEL,95.65373225201591,5,3404,2026-09-27,142.24444999052972
2026-09-29,BOM_DEL,102.66887165712733,5,3775,2026-09-28,146.0407718001636
2026-09-30,BOM_DEL,127.089377639358,5,3836,2026-09-29,185.60230798054297
2026-10-01,BOM_DEL,97.0778043279871,5,3720,2026-09-30,180.1786453695795
2026-10-02,BOM_DEL,97.76368572185085,5,3542,2026-10-01,176.14928459700386
2026-09-04,BOM_GOI,,5,999,,
2026-09-05,BOM_GOI,98.96744353645447,5,837,2026-09-04,100.0
2026-09-06,BOM_GOI,81.4877184073739,5,1787,2026-09-05,81.4877184073739
2026-09-07,BOM_GOI,73.67878699240687,5,2355,2026-09-06,60.039162470341346
2026-09-08,BOM_GOI,104.95501807503067,5,4594,2026-09-07,63.01411382284378
2026-09-09,BOM_GOI,99.72972972972973,5,2337,2026-09-08,62.843805407106366
2026-09-10,BOM_GOI,104.78703703703704,5,1064,2026-09-09,65.85216164742803
2026-09-11,BOM_GOI,97.47401992538481,5,1126,2026-09-10,64.18874916551061
2026-09-12,BOM_GOI,88.38687757980554,5,1274,2026-09-11,56.73443114492832
2026-09-13,BOM_GOI,98.04363556564911,5,1255,2026-09-12,55.62449891197765
2026-09-14,BOM_GOI,105.59664051863938,5,1204,2026-09-13,58.737602156375516
2026-09-15,BOM_GOI,111.74942839373423,5,1249,2026-09-14,65.63893466193535
2026-09-16,BOM_GOI,101.81210764855254,5,1202,2026-09-15,66.82838281737268
2026-09-17,BOM_GOI,154.56976235581814,5,834,2026-09-16,103.29647250704937
2026-09-18,BOM_GOI,120.06544462965846,5,1068,2026-09-17,124.02336900234174
2026-09-20,BOM_GOI,87.87332611458952,5,890,2026-09-18,108.98345950172849
2026-09-21,BOM_GOI,102.52446373085195,5,1157,2026-09-20,111.73470740947734
2026-09-22,BOM_GOI,114.58550427746468,5,1286,2026-09-21,128.03177793809928
2026-09-23,BOM_GOI,118.01447117211407,5,796,2026-09-22,151.09602566590328
2026-09-24,BOM_GOI,106.38087027002294,5,1310,2026-09-23,160.73726704680513
2026-09-25,BOM_GOI,90.72649405997745,5,1339,2026-09-24,145.83128703938976
2026-09-26,BOM_GOI,83.270450133297,5,999,2026-09-25,121.43436915288027
2026-09-27,BOM_GOI,170.43918942526034,5,1531,2026-09-26,206.9717544678475
2026-09-28,BOM_GOI,95.28490049261794,5,1282,2026-09-27,197.212830292514
2026-09-29,BOM_GOI,117.79731704613354,5,1544,2026-09-28,232.311422955326
2026-09-30,BOM_GOI,120.14514023483814,5,1520,2026-09-29,279.1108848912244
2026-10-01,BOM_GOI,102.31678975938705,5,1494,2026-09-30,285.57729728971884
2026-10-02,BOM_GOI,103.36727267140009,5,1464,2026-10-01,295.1934635770785
2026-09-04,BOM_MAA,,5,1185,,
2026-09-05,BOM_MAA,111.33985732870417,5,929,2026-09-04,100.0
2026-09-06,BOM_MAA,44.45319537783281,5,2628,2026-09-05,44.45319537783282
2026-09-07,BOM_MAA,94.96151185976193,5,2851,2026-09-06,42.21342640076386
2026-09-08,BOM_MAA,103.92679261960004,5,5714,2026-09-07,43.87106011314934
2026-09-09,BOM_MAA,100.92414520352443,5,2920,2026-09-08,44.276492410920326
2026-09-10,BOM_MAA,104.06607815420996,5,1360,2026-09-09,46.07680919629119
2026-09-11,BOM_MAA,96.50879666180211,5,1350,2026-09-10,44.46817409549519
2026-09-12,BOM_MAA,96.71853424314861,5,1531,2026-09-11,43.008966189854455
2026-09-13,BOM_MAA,100.3085850339838,5,1563,2026-09-12,43.141685422787496
2026-09-14,BOM_MAA,100.32789410156053,5,1558,2026-09-13,43.28314446460262
2026-09-15,BOM_MAA,99.28875237082964,5,1495,2026-09-14,42.97529412576775
2026-09-16,BOM_MAA,107.98361692363487,5,1891,2026-09-15,46.40627698057441
2026-09-17,BOM_MAA,141.52080604419905,5,1401,2026-09-16,65.6745372380125
2026-09-18,BOM_MAA,96.4941402496499,5,1402,2026-09-17,63.37208007075634
2026-09-20,BOM_MAA,108.3054078487598,5,1427,2026-09-18,68.63538978287528
2026-09-21,BOM_MAA,96.41204951472396,5,1794,2026-09-20,66.17278598208951
2026-09-22,BOM_MAA,104.25991731160798,5,1958,2026-09-21,68.99169194771383
2026-09-23,BOM_MAA,97.23631750231738,5,850,2026-09-22,67.08498063249975
2026-09-24,BOM_MAA,97.05171072430143,5,1550,2026-09-23,65.10712134290729
2026-09-25,BOM_MAA,103.02611730716043,5,1509,2026-09-24,67.07733921005895
2026-09-26,BOM_MAA,95.61983995905993,5,1109,2026-09-25,64.13924440145412
2026-09-27,BOM_MAA,136.49263327433107,5,2051,2026-09-26,87.5453436458037
2026-09-28,BOM_MAA,91.13044691834281,5,1388,2026-09-27,79.78046292061994
2026-09-29,BOM_MAA,100.97358657520802,5,1939,2026-09-28,80.5571947972539
2026-09-30,BOM_MAA,112.00747715066022,5,1939,2026-09-29,90.230081555747
2026-10-01,BOM_MAA,99.81109659516012,5,1903,2026-09-30,90.0596338594984
2026-10-02,BOM_MAA,101.92735089635767,5,1819,2026-10-01,91.79539901994588
2026-09-04,CCU_DEL,,5,940,,
2026-09-05,CCU_DEL,117.34296583753705,5,889,2026-09-04,100.0
2026-09-06,CCU_DEL,97.60685689693432,5,1789,2026-09-05,97.60685689693432
2026-09-07,CCU_DEL,77.57864598640926,5,2919,2026-09-06,75.72207797053376
2026-09-08,CCU_DEL,103.14882510434185,5,5776,2026-09-07,78.10643377119924
2026-09-09,CCU_DEL,99.81434440101619,5,2988,2026-09-08,77.96142480373642
2026-09-10,CCU_DEL,109.86383345371003,5,1421,2026-09-09,85.65140990451637
2026-09-11,CCU_DEL,99.54025055248724,5,1443,2026-09-10,85.25762802069346
2026-09-12,CCU_DEL,94.42122322323216,5,1562,2026-09-11,80.50129526825191
2026-09-13,CCU_DEL,100.4710688251232,5,1531,2026-09-12,80.88051177408101
2026-09-14,CCU_DEL,100.91457971803054,5,1497,2026-09-13,81.62022853060607
2026-09-15,CCU_DEL,102.04544206911831,5,1568,2026-09-14,83.2897230218816
2026-09-16,CCU_DEL,103.59211145284496,5,1655,2026-09-15,86.28158270159345
2026-09-17,CCU_DEL,145.38238252699824,5,1069,2026-09-16,125.43822061357895
2026-09-18,CCU_DEL,97.92162073812582,5,1074,2026-09-17,122.83113864988235
2026-09-20,CCU_DEL,103.75463433807074,5,1115,2026-09-18,127.44299875947412
2026-09-21,CCU_DEL,96.62124366443727,5,1579,2026-09-20,123.13701036465727
2026-09-22,CCU_DEL,99.87804484160998,5,1738,2026-09-21,122.9868384286303
2026-09-23,CCU_DEL,97.78011736235361,5,1094,2026-09-22,120.25667495576292
2026-09-24,CCU_DEL,102.80593666762347,5,1786,2026-09-23,123.63100109361145
2026-09-25,CCU_DEL,102.91125725463853,5,1742,2026-09-24,127.23021758193144
2026-09-26,CCU_DEL,101.98159486948914,5,1382,2026-09-25,129.75140504597485
2026-09-27,CCU_DEL,116.75357586584862,5,2272,2026-09-26,151.48940512735678
2026-09-28,CCU_DEL,97.27858986926199,5,2061,2026-09-27,147.36675710922614
2026-09-29,CCU_DEL,101.70192351773105,5,2436,2026-09-28,149.87482660578564
2026-09-30,CCU_DEL,108.52290034149341,5,2487,2026-09-29,162.6485087143828
2026-10-01,CCU_DEL,113.52731119714966,5,2524,2026-09-30,184.65047864570045
2026-10-02,CCU_DEL,103.31135343559181,5,2354,2026-10-01,190.7649086141716
2026-09-04,DEL_AMD,,5,886,,
2026-09-05,DEL_AMD,109.72602350288564,5,588,2026-09-04,100.0
2026-09-06,DEL_AMD,91.67369383010032,5,1391,2026-09-05,91.6736938301003
2026-09-07,DEL_AMD,75.35809651626013,5,2053,2026-09-06,69.0835506765078
2026-09-08,DEL_AMD,102.48016276752853,5,3820,2026-09-07,70.79693517887324
2026-09-09,DEL_AMD,102.54876160088534,5,1993,2026-09-08,72.60138027731605
2026-09-10,DEL_AMD,98.82543157646285,5,957,2026-09-09,71.74862738952658
2026-09-11,DEL_AMD,98.40043407390279,5,967,2026-09-10,70.60096079336125
2026-09-12,DEL_AMD,98.4746179530099,5,965,2026-09-11,69.5240264124168
2026-09-13,DEL_AMD,99.01387496787702,5,1109,2026-09-12,68.83843258462416
2026-09-14,DEL_AMD,101.40899215193815,5,1038,2026-09-13,69.80836069725875
2026-09-15,DEL_AMD,98.31042371071943,5,1094,2026-09-14,68.6288951869824
2026-09-16,DEL_AMD,103.07951847417276,5,1165,2026-09-15,70.74233469288619
2026-09-17,DEL_AMD,148.37487280650174,5,844,2026-09-16,104.96384912091963
2026-09-18,DEL_AMD,103.97163457830823,5,838,2026-09-17,109.13262964732935
2026-09-20,DEL_AMD,108.89995407925464,5,836,2026-09-18,118.8453835714247
2026-09-21,DEL_AMD,97.17018281856183,5,1067,2026-09-20,115.48227648777443
2026-09-22,DEL_AMD,105.22191254099752,5,1072,2026-09-21,121.51265996631895
2026-09-23,DEL_AMD,98.04437235802357,5,755,2026-09-22,119.13632479951679
2026-09-24,DEL_AMD,103.54598822314146,5,1106,2026-09-23,123.36088484639122
2026-09-25,DEL_AMD,95.12924087399433,5,1131,2026-09-24,117.35227328981428
2026-09-26,DEL_AMD,106.13200072234925,5,990,2026-09-25,124.54831553563896
2026-09-27,DEL_AMD,169.34756247894802,5,1756,2026-09-26,210.9195364681935
2026-09-28,DEL_AMD,93.62695623487001,5,1239,2026-09-27,197.4775420998662
2026-09-29,DEL_AMD,99.59302490799915,5,1574,2026-09-28,196.67385769122427
2026-09-30,DEL_AMD,111.23697178661648,5,1546,2026-09-29,218.7740435916374
2026-10-01,DEL_AMD,106.03303087920267,5,1603,2026-09-30,231.97274919720118
2026-10-02,DEL_AMD,97.12106985541365,5,1669,2026-10-01,225.2944157933373
2026-09-04,DEL_BLR,,5,1569,,
2026-09-05,DEL_BLR,105.29165003136936,5,1313,2026-09-04,100.0
2026-09-06,DEL_BLR,91.69949596986888,5,2118,2026-09-05,91.69949596986888
2026-09-07,DEL_BLR,78.19052532052221,5,3704,2026-09-06,71.70031761511157
2026-09-08,DEL_BLR,103.13723239793572,5,7565,2026-09-07,73.94972320875567
2026-09-09,DEL_BLR,101.32459912969907,5,3761,2026-09-08,74.92926059879372
2026-09-10,DEL_BLR,110.97578199650243,5,1798,2026-09-09,83.15333289370851
2026-09-11,DEL_BLR,99.52022803125857,5,1869,2026-09-10,82.75438651141025
2026-09-12,DEL_BLR,94.44498714408391,5,2014,2026-09-11,78.15736970186691
2026-09-13,DEL_BLR,100.55017282880686,5,2016,2026-09-12,78.58737031367671
2026-09-14,DEL_BLR,100.05063535821901,5,1983,2026-09-13,78.62716331014994
2026-09-15,DEL_BLR,99.9533259047015,5,2015,2026-09-14,78.59046479301605
2026-09-16,DEL_BLR,108.03376828877865,5,3173,2026-09-15,84.90424063156111
2026-09-17,DEL_BLR,143.95670714738824,5,2254,2026-09-16,122.22534904169024
2026-09-18,DEL_BLR,98.03649612141001,5,2311,2026-09-17,119.8254495726365
2026-09-20,DEL_BLR,106.90392306983613,5,2300,2026-09-18,128.0981064292166
2026-09-21,DEL_BLR,94.60217754866252,5,2902,2026-09-20,121.18359808064218
2026-09-22,DEL_BLR,98.75385007449232,5,3218,2026-09-21,119.67346876343274
2026-09-23,DEL_BLR,97.32160133200618,5,1997,2026-09-22,116.46813617013096
2026-09-24,DEL_BLR,102.31567685276782,5,2379,2026-09-23,119.16516184027279
2026-09-25,DEL_BLR,102.67342910283966,5,2347,2026-09-24,122.35095795735663
2026-09-26,DEL_BLR,107.23231614711399,5,1849,2026-09-25,131.19976604585517
2026-09-27,DEL_BLR,125.02929862676224,5,3911,2026-09-26,164.03814728708568
2026-09-28,DEL_BLR,91.90517904519416,5,3441,2026-09-27,150.7595529666154
2026-09-29,DEL_BLR,98.90911682445174,5,3837,2026-09-28,149.11494236777082
2026-09-30,DEL_BLR,110.14693346965757,5,3824,2026-09-29,164.24553636314675
2026-10-01,DEL_BLR,105.61551648814002,5,3826,2026-09-30,173.46877153865327
2026-10-02,DEL_BLR,99.91061857893503,5,3730,2026-10-01,173.3137226855481
2026-09-02,DEL_BOM,,5,1244,,
2026-09-03,DEL_BOM,,5,373,,
2026-09-04,DEL_BOM,,5,1650,,
2026-09-05,DEL_BOM,119.56787210283667,5,1339,2026-09-04,100.0
2026-09-06,DEL_BOM,90.97017827939563,5,2197,2026-09-05,90.97017827939563
2026-09-07,DEL_BOM,84.98424942574562,5,3890,2026-09-06,77.31032321200705
2026-09-08,DEL_BOM,106.06235376151228,5,7901,2026-09-07,81.99714849928746
2026-09-09,DEL_BOM,110.33670149981681,5,3811,2026-09-08,90.47294897802033
2026-09-10,DEL_BOM,104.87129447523255,5,1829,2026-09-09,94.88015274316658
2026-09-11,DEL_BOM,100.00491126841875,5,1848,2026-09-10,94.8848125621439
2026-09-12,DEL_BOM,95.22632439456201,5,1897,2026-09-11,90.35531941159928
2026-09-13,DEL_BOM,102.37442371574994,5,1972,2026-09-12,92.5007375441499
2026-09-14,DEL_BOM,97.10975110940264,5,2019,2026-09-13,89.82723600348572
2026-09-15,DEL_BOM,100.15137024038646,5,1978,2026-09-14,89.96320770655672
2026-09-16,DEL_BOM,97.66297361140221,5,2427,2026-09-15,87.86074380242545
2026-09-17,DEL_BOM,126.11509781463637,5,1408,2026-09-16,110.80566298709591
2026-09-18,DEL_BOM,102.01277028256459,5,1759,2026-09-17,113.03592644309884
2026-09-20,DEL_BOM,101.23417372877438,5,1375,2026-09-18,114.43098615133631
2026-09-21,DEL_BOM,95.52337110462781,5,2194,2026-09-20,109.30833556002625
2026-09-22,DEL_BOM,104.36116708106101,5,2771,2026-09-21,114.07545470732583
2026-09-23,DEL_BOM,97.90341954578214,5,2544,2026-09-22,111.6837710208719
2026-09-24,DEL_BOM,105.24711718641367,5,2774,2026-09-23,117.54394936454297
2026-09-25,DEL_BOM,98.91279662435736,5,2767,2026-09-24,116.26600757918797
2026-09-26,DEL_BOM,103.63461425653244,5,2383,2026-09-25,120.49182846616222
2026-09-27,DEL_BOM,128.4034169454646,5,3821,2026-09-26,154.7156248906203
2026-09-28,DEL_BOM,92.48727209253465,5,3491,2026-09-27,143.09226096225325
2026-09-29,DEL_BOM,96.83750941293054,5,3766,2026-09-28,138.56698167849711
2026-09-30,DEL_BOM,114.900257231465,5,3853,2026-09-29,159.21381838647017
2026-10-01,DEL_BOM,110.80010498442834,5,3799,2026-09-30,176.40907792192604
2026-10-02,DEL_BOM,97.80359066580216,5,3555,2026-10-01,172.5344124680765
2026-09-04,DEL_CCU,,5,891,,
2026-09-05,DEL_CCU,108.06899763425228,5,912,2026-09-04,100.0
2026-09-06,DEL_CCU,100.99290893363835,5,1793,2026-09-05,100.99290893363836
2026-09-07,DEL_CCU,79.43906533013087,5,2843,2026-09-06,80.22782290659255
2026-09-08,DEL_CCU,103.32669154535179,5,5825,2026-09-07,82.89675510824598
2026-09-09,DEL_CCU,101.57139288316903,5,2955,2026-09-08,84.19938881839502
2026-09-10,DEL_CCU,110.56257532201656,5,1420,2026-09-09,93.09301268301559
2026-09-11,DEL_CCU,97.82162491471317,5,1431,2026-09-10,91.06509768858587
2026-09-12,DEL_CCU,92.27844357123186,5,1514,2026-09-11,84.03345478364889
2026-09-13,DEL_CCU,101.19751129386562,5,1548,2026-09-12,85.03976489530855
2026-09-14,DEL_CCU,102.8092866955978,5,1512,2026-09-13,87.42877569648012
2026-09-15,DEL_CCU,100.99393778013322,5,1528,2026-09-14,88.29776332883537
2026-09-16,DEL_CCU,109.07367700114166,5,2196,2026-09-15,96.3096171725264
2026-09-17,DEL_CCU,149.97976200542294,5,1570,2026-09-16,144.44493462368905
2026-09-18,DEL_CCU,99.02509613251375,5,1595,2026-09-17,143.03673536965474
2026-09-20,DEL_CCU,101.54581753237946,5,1600,2026-09-18,145.24782230274207
2026-09-21,DEL_CCU,100.54777489685463,5,2093,2026-09-20,146.0434534115445
2026-09-22,DEL_CCU,103.3707172835404,5,2325,2026-09-21,150.9661653371667
2026-09-23,DEL_CCU,96.62862720099079,5,1104,2026-09-22,145.8765331032822
2026-09-24,DEL_CCU,100.32393055073173,5,1758,2026-09-23,146.34907176035205
2026-09-25,DEL_CCU,109.77134577499571,5,1753,2026-09-24,160.64934560055264
2026-09-26,DEL_CCU,94.10879049239455,5,1378,2026-09-25,151.18515607862693
2026-09-27,DEL_CCU,127.80547387276548,5,2570,2026-09-26,193.22290515156925
2026-09-28,DEL_CCU,94.06061351586095,5,2450,2026-09-27,181.7466500387361
2026-09-29,DEL_CCU,101.33064983676587,5,2722,2026-09-28,184.16506154080398
2026-09-30,DEL_CCU,105.58543737440039,5,2704,2026-09-29,194.45148571869152
2026-10-01,DEL_CCU,112.44429086271927,5,2732,2026-09-30,218.6495941884045
2026-10-02,DEL_CCU,101.19480262114041,5,2715,2026-10-01,221.26202527088043
2026-09-04,DEL_GOI,,5,999,,
2026-09-05,DEL_GOI,96.79064168511779,5,968,2026-09-04,100.0
2026-09-06,DEL_GOI,95.74193685396388,5,1718,2026-09-05,95.74193685396386
2026-09-07,DEL_GOI,66.17043117487647,5,2850,2026-09-06,63.35285243144585
2026-09-08,DEL_GOI,102.2,5,5610,2026-09-07,64.74661518493765
2026-09-09,DEL_GOI,109.05,5,2842,2026-09-08,70.60618385917451
2026-09-10,DEL_GOI,109.52545470447221,5,1423,2026-09-09,77.33174392123655
2026-09-11,DEL_GOI,96.30721552554546,5,1449,2026-09-10,74.47604928788819
2026-09-12,DEL_GOI,89.61428636691504,5,1590,2026-09-11,66.7411800836129
2026-09-13,DEL_GOI,99.84536353021333,5,1491,2026-09-12,66.63797387883764
2026-09-14,DEL_GOI,99.64614014345463,5,1566,2026-09-13,66.40216884006524
2026-09-15,DEL_GOI,107.44824851623282,5,1469,2026-09-14,71.34796739544181
2026-09-16,DEL_GOI,118.75539328619702,5,2017,2026-09-15,84.72955928216453
2026-09-17,DEL_GOI,170.2093289268659,5,1420,2026-09-16,144.21761425686327
2026-09-18,DEL_GOI,90.12174959692996,5,1420,2026-09-17,129.9714371952367
2026-09-20,DEL_GOI,96.15954594034805,5,1477,2026-09-18,124.97994385908423
2026-09-21,DEL_GOI,100.08658618816052,5,1829,2026-09-20,125.08815922843698
2026-09-22,DEL_GOI,109.87945061629902,5,2026,2026-09-21,137.4461821462479
2026-09-23,DEL_GOI,95.47507876369892,5,749,2026-09-22,131.22685066182726
2026-09-24,DEL_GOI,110.13545600671868,5,1504,2026-09-23,144.52729037965918
2026-09-25,DEL_GOI,93.31222043181614,5,1473,2026-09-24,134.86162378319858
2026-09-26,DEL_GOI,91.18165794205132,5,1028,2026-09-25,122.96906449309226
2026-09-27,DEL_GOI,129.91655376100124,5,2316,2026-09-26,159.7571707815685
2026-09-28,DEL_GOI,102.24723225581916,5,1765,2026-09-27,163.347285454356
2026-09-29,DEL_GOI,105.56421494159228,5,2374,2026-09-28,172.43627951829268
2026-09-30,DEL_GOI,114.50671120281675,5,2298,2026-09-29,197.45111259689327
2026-10-01,DEL_GOI,105.298956968657,5,2578,2026-09-30,207.9139620875371
2026-10-02,DEL_GOI,89.39192827300198,5,2394,2026-10-01,185.85829985884772
2026-09-04,DEL_HYD,,5,912,,
2026-09-05,DEL_HYD,114.57695587054232,5,956,2026-09-04,100.0
2026-09-06,DEL_HYD,88.20563771986853,5,1730,2026-09-05,88.20563771986853
2026-09-07,DEL_HYD,77.29427104796335,5,2836,2026-09-06,68.17790469877978
2026-09-08,DEL_HYD,102.6806580189836,5,5653,2026-09-07,70.00552116826262
2026-09-09,DEL_HYD,99.19280710132973,5,2885,2026-09-08,69.44044157271529
2026-09-10,DEL_HYD,108.10001395139152,5,1379,2026-09-09,75.06512702801311
2026-09-11,DEL_HYD,99.51358098787634,5,1425,2026-09-10,74.69999597867408
2026-09-12,DEL_HYD,95.7042550984273,5,1505,2026-09-11,71.49107470994518
2026-09-13,DEL_HYD,100.08889803910233,5,1533,2026-09-12,71.5546288734955
2026-09-14,DEL_HYD,99.71683410847791,5,1442,2026-09-13,71.35201057072055
2026-09-15,DEL_HYD,100.45404084208454,5,1537,2026-09-14,71.6759778403601
2026-09-16,DEL_HYD,117.68659704401746,5,2310,2026-09-15,84.35301921834385
2026-09-17,DEL_HYD,148.5476430829605,5,1711,2026-09-16,125.30442191816648
2026-09-18,DEL_HYD,99.40797967920464,5,1811,2026-09-17,124.56259427755577
2026-09-20,DEL_HYD,102.85757442671313,5,1754,2026-09-18,128.12206311688163
2026-09-21,DEL_HYD,97.12787048278116,5,2285,2026-09-20,124.44223152403193
2026-09-22,DEL_HYD,100.17294744703523,5,2517,2026-09-21,124.6574511864864
2026-09-23,DEL_HYD,92.68224787540113,5,1007,2026-09-22,115.5353279038165
2026-09-24,DEL_HYD,102.31650736697543,5,1810,2026-09-23,118.21171228616763
2026-09-25,DEL_HYD,101.85816828187917,5,1780,2026-09-24,120.40828482933546
2026-09-26,DEL_HYD,100.09967400774701,5,1419,2026-09-25,120.5283005924843
2026-09-27,DEL_HYD,130.5724685736456,5,2475,2026-09-26,157.37677741347068
2026-09-28,DEL_HYD,97.2461733893854,5,2424,2026-09-27,153.04289383813082
2026-09-29,DEL_HYD,97.73401070425533,5,2746,2026-09-28,149.5749582458609
2026-09-30,DEL_HYD,114.50813581564094,5,2805,2026-09-29,171.27549633435862
2026-10-01,DEL_HYD,107.11626398764386,5,2772,2026-09-30,183.46391279965886
2026-10-02,DEL_HYD,101.61740063302629,5,2729,2026-10-01,186.43125928665532
2026-09-04,DEL_MAA,,5,1297,,
2026-09-05,DEL_MAA,108.81831564122433,5,1017,2026-09-04,100.0
2026-09-06,DEL_MAA,91.70339515331133,5,1803,2026-09-05,91.70339515331133
2026-09-07,DEL_MAA,76.76379162819327,5,2906,2026-09-06,70.39500317146661
2026-09-08,DEL_MAA,102.77948896526368,5,5551,2026-09-07,72.35162451671455
2026-09-09,DEL_MAA,97.4167708166636,5,2898,2026-09-08,70.4826162375808
2026-09-10,DEL_MAA,114.16013185675232,5,1378,2026-09-09,80.46304763291096
2026-09-11,DEL_MAA,98.25188639277192,5,1365,2026-09-10,79.05646214844963
2026-09-12,DEL_MAA,91.9101128695099,5,1543,2026-09-11,72.66088359128143
2026-09-13,DEL_MAA,101.34452860392787,5,1503,2026-09-12,73.63782995503294
2026-09-14,DEL_MAA,102.77247781279623,5,1601,2026-09-13,75.67942245236084
2026-09-15,DEL_MAA,99.73641781794524,5,1458,2026-09-14,75.47994497929447
2026-09-16,DEL_MAA,105.15474137236106,5,1582,2026-09-15,79.37074093097753
2026-09-17,DEL_MAA,148.46345694740828,5,1056,2026-09-16,117.83654579090079
2026-09-18,DEL_MAA,106.24016416688778,5,1636,2026-09-17,125.18973969684288
2026-09-20,DEL_MAA,102.53619875732974,5,1366,2026-09-18,128.36480031933854
2026-09-21,DEL_MAA,94.05211056575982,5,1483,2026-09-20,120.72980392386108
2026-09-22,DEL_MAA,100.89319556641361,5,1610,2026-09-21,121.80815717984886
2026-09-23,DEL_MAA,99.45638970269422,5,887,2026-09-22,121.1459954944608
2026-09-24,DEL_MAA,99.18142575298785,5,1582,2026-09-23,120.15432557405666
2026-09-25,DEL_MAA,103.41060445468482,5,1558,2026-09-24,124.25231435458193
2026-09-26,DEL_MAA,104.41042225896793,5,1118,2026-09-25,129.7323660841592
2026-09-27,DEL_MAA,128.4445852384192,5,2774,2026-09-26,166.6341995367859
2026-09-28,DEL_MAA,92.27040064692218,5,2155,2026-09-27,153.75404352738408
2026-09-29,DEL_MAA,100.9132923328306,5,2444,2026-09-28,155.1582674183367
2026-09-30,DEL_MAA,115.63345330840409,5,2525,2026-09-29,179.41486270931108
2026-10-01,DEL_MAA,104.75460203552885,5,2485,2026-09-30,187.94532542372926
2026-10-02,DEL_MAA,99.76334118291594,5,2402,2026-10-01,187.50053623981668
2026-09-04,HYD_BLR,,5,1099,,
2026-09-05,HYD_BLR,101.43142224267447,5,844,2026-09-04,100.0
2026-09-06,HYD_BLR,82.20033784936132,5,1662,2026-09-05,82.20033784936132
2026-09-07,HYD_BLR,80.74729313354358,5,2689,2026-09-06,66.37454775998695
2026-09-08,HYD_BLR,101.73621637516275,5,5411,2026-09-07,67.52695352713607
2026-09-09,HYD_BLR,101.27985110207769,5,2716,2026-09-08,68.39119798605262
2026-09-10,HYD_BLR,113.09086168378897,5,1211,2026-09-09,77.34419511829304
2026-09-11,HYD_BLR,89.83339243402582,5,1300,2026-09-10,69.48091432555483
2026-09-12,HYD_BLR,102.02421598402354,5,1413,2026-09-11,70.88735809917841
2026-09-13,HYD_BLR,99.0135112104252,5,1422,2026-09-12,70.18806225830427
2026-09-14,HYD_BLR,104.98770040336976,5,1466,2026-09-13,73.68883252267914
2026-09-15,HYD_BLR,96.8801396796462,5,1434,2026-09-14,71.38984387627211
2026-09-16,HYD_BLR,109.61276977563857,5,1563,2026-09-15,78.25238521128595
2026-09-17,HYD_BLR,144.22044524530858,5,1008,2026-09-16,112.85593836679061
2026-09-18,HYD_BLR,93.9519664454142,5,1093,2026-09-17,106.03037334602445
2026-09-20,HYD_BLR,103.60986610884095,5,1016,2026-09-18,109.8579278585201
2026-09-21,HYD_BLR,102.61159456651433,5,1574,2026-09-20,112.72697153335845
2026-09-22,HYD_BLR,99.15402975637073,5,1490,2026-09-21,111.7733348976418
2026-09-23,HYD_BLR,108.17772953803478,5,981,2026-09-22,120.9138559212128
2026-09-24,HYD_BLR,111.93311411461409,5,1313,2026-09-23,135.34264432867118
2026-09-25,HYD_BLR,96.16461992870381,5,1664,2026-09-24,130.15173952012404
2026-09-26,HYD_BLR,102.20070408126985,5,1211,2026-09-25,133.01599416358712
2026-09-27,HYD_BLR,142.48855445180408,5,2286,2026-09-26,189.53256727339135
2026-09-28,HYD_BLR,96.23223173523483,5,1431,2026-09-27,182.3914193522698
2026-09-29,HYD_BLR,104.60232281428526,5,2217,2026-09-28,190.785661256418
2026-09-30,HYD_BLR,114.52194706643604,5,2325,2026-09-29,218.491453994425
2026-10-01,HYD_BLR,97.73533377151571,5,2307,2026-09-30,213.54335182368897
2026-10-02,HYD_BLR,112.17946100797619,5,2296,2026-10-01,239.55178109418054
2026-09-04,HYD_DEL,,5,938,,
2026-09-05,HYD_DEL,108.69044321790163,5,961,2026-09-04,100.0
2026-09-06,HYD_DEL,89.14653424769733,5,1803,2026-09-05,89.14653424769733
2026-09-07,HYD_DEL,76.89945406438366,5,2765,2026-09-06,68.55319815379806
2026-09-08,HYD_DEL,99.34053933786873,5,5568,2026-09-07,68.10111677934087
2026-09-09,HYD_DEL,105.05590391965036,5,2645,2026-09-08,71.54424381191323
2026-09-10,HYD_DEL,105.17283702374066,5,1395,2026-09-09,75.24511094417116
2026-09-11,HYD_DEL,100.11174010264064,5,1457,2026-09-10,75.32918990837224
2026-09-12,HYD_DEL,94.75511216616677,5,1567,2026-09-11,71.3782583915429
2026-09-13,HYD_DEL,100.57086272155334,5,1552,2026-09-12,71.78573025999424
2026-09-14,HYD_DEL,100.69291683896049,5,1583,2026-09-13,72.28314567293648
2026-09-15,HYD_DEL,100.0784431318115,5,1474,2026-09-14,72.3398468361742
2026-09-16,HYD_DEL,120.33582680928782,5,2211,2026-09-15,87.05075280288267
2026-09-17,HYD_DEL,150.92934569502887,5,1764,2026-09-16,131.38513162798782
2026-09-18,HYD_DEL,99.66351906111107,5,1716,2026-09-17,130.9430457035255
2026-09-20,HYD_DEL,102.89055390673244,5,1789,2026-09-18,134.72802502670322
2026-09-21,HYD_DEL,97.18548388869864,5,2233,2026-09-20,130.93608305588853
2026-09-22,HYD_DEL,101.91349412525122,5,2429,2026-09-21,133.441537312997
2026-09-23,HYD_DEL,98.0990920527422,5,1131,2026-09-22,130.90493652527127
2026-09-24,HYD_DEL,102.12883313528368,5,1837,2026-09-23,133.6916841897433
2026-09-25,HYD_DEL,98.18232687231183,5,1777,2026-09-24,131.2616063722726
2026-09-26,HYD_DEL,96.62705094807218,5,1365,2026-09-25,126.83421926459381
2026-09-27,HYD_DEL,120.95400155178439,5,2180,2026-09-26,153.4110635374904
2026-09-28,HYD_DEL,97.39877092239976,5,2238,2026-09-27,149.42049034449744
2026-09-29,HYD_DEL,102.1451223579434,5,2598,2026-09-28,152.6257426902259
2026-09-30,HYD_DEL,115.60964399093321,5,2656,2026-09-29,176.45007776268795
2026-10-01,HYD_DEL,107.30715459461744,5,2649,2026-09-30,189.34355772713025
2026-10-02,HYD_DEL,103.34633798093955,5,2555,2026-10-01,195.67963311381538
2026-09-04,MAA_BOM,,5,1201,,
2026-09-05,MAA_BOM,104.64139417328457,5,1008,2026-09-04,100.0
2026-09-06,MAA_BOM,81.30085066094126,5,2056,2026-09-05,81.30085066094126
2026-09-07,MAA_BOM,81.42197555080767,5,2996,2026-09-06,66.19675874775025
2026-09-08,MAA_BOM,104.35071651833016,5,5847,2026-09-07,69.07679206518779
2026-09-09,MAA_BOM,97.98788117712377,5,2994,2026-09-08,67.68688492980507
2026-09-10,MAA_BOM,107.73083151222163,5,1333,2026-09-09,72.91964395959964
2026-09-11,MAA_BOM,96.88324226029802,5,1405,2026-09-10,70.64691531272568
2026-09-12,MAA_BOM,95.43979935254083,5,1514,2026-09-11,67.42527422322483
2026-09-13,MAA_BOM,99.63542759439099,5,1575,2026-09-12,67.17946027900075
2026-09-14,MAA_BOM,100.05770449094125,5,1610,2026-09-13,67.21822584457182
2026-09-15,MAA_BOM,100.44376720130765,5,1543,2026-09-14,67.51651828417093
2026-09-16,MAA_BOM,100.20257871375036,5,1526,2026-09-15,67.65329237848003
2026-09-17,MAA_BOM,140.48543298237777,5,1089,2026-09-16,95.04302072474165
2026-09-18,MAA_BOM,105.96229885582352,5,1016,2026-09-17,100.70976966195303
2026-09-20,MAA_BOM,98.15385287957801,5,1000,2026-09-18,98.85051914935528
2026-09-21,MAA_BOM,99.20150193142588,5,1437,2026-09-20,98.06119966317219
2026-09-22,MAA_BOM,101.68719618740708,5,1558,2026-09-21,99.71568448521488
2026-09-23,MAA_BOM,99.04924390715857,5,923,2026-09-22,98.76763153945316
2026-09-24,MAA_BOM,100.35300108194131,5,1267,2026-09-23,99.11628234739524
2026-09-25,MAA_BOM,98.57018216838776,5,1546,2026-09-24,97.69910006836103
2026-09-26,MAA_BOM,100.29928038564661,5,1139,2026-09-25,97.9914943118189
2026-09-27,MAA_BOM,131.52693291954955,5,2116,2026-09-26,128.88520699037025
2026-09-28,MAA_BOM,93.59263693069082,5,1320,2026-09-27,120.62706383586658
2026-09-29,MAA_BOM,99.44756292689031,5,1975,2026-09-28,119.96067521503358
2026-09-30,MAA_BOM,111.18914634411706,5,2055,2026-09-29,133.38325072023466
2026-10-01,MAA_BOM,105.45243750040854,5,2103,2026-09-30,140.65588910176865
2026-10-02,MAA_BOM,105.91330839778686,5,2019,2026-10-01,148.9733056040053
2026-09-04,MAA_DEL,,5,1232,,
2026-09-05,MAA_DEL,108.59897112306135,5,1022,2026-09-04,100.0
2026-09-06,MAA_DEL,94.26245901827374,5,1816,2026-09-05,94.26245901827374
2026-09-07,MAA_DEL,75.57987753502758,5,2875,2026-09-06,71.24345108751685
2026-09-08,MAA_DEL,103.53188901467172,5,5618,2026-09-07,73.75969071014987
2026-09-09,MAA_DEL,96.12176025362523,5,2834,2026-09-08,70.89911306822573
2026-09-10,MAA_DEL,115.41815155771117,5,1312,2026-09-09,81.83044577415778
2026-09-11,MAA_DEL,98.57318400603552,5,1354,2026-09-10,80.66287588591966
2026-09-12,MAA_DEL,92.03792156916624,5,1506,2026-09-11,74.24043444331664
2026-09-13,MAA_DEL,97.80251779426062,5,1532,2026-09-12,72.60901410696115
2026-09-14,MAA_DEL,102.24761655019515,5,1530,2026-09-13,74.24098632496275
2026-09-15,MAA_DEL,105.38015960485059,5,1494,2026-09-14,78.23526988146105
2026-09-16,MAA_DEL,111.92950623294703,5,2222,2026-09-15,87.56835127833288
2026-09-17,MAA_DEL,162.28324960701372,5,1674,2026-09-16,142.10876608176352
2026-09-18,MAA_DEL,99.2758739114503,5,1715,2026-09-17,141.0797194324494
2026-09-20,MAA_DEL,101.58188216016875,5,1619,2026-09-18,143.31143434576742
2026-09-21,MAA_DEL,103.83188286104303,5,2045,2026-09-20,148.8029606363778
2026-09-22,MAA_DEL,104.41983697686437,5,2177,2026-09-21,155.37980891325336
2026-09-23,MAA_DEL,95.86191917311172,5,815,2026-09-22,148.95006683175836
2026-09-24,MAA_DEL,103.96937170864612,5,1535,2026-09-23,154.8624486445877
2026-09-25,MAA_DEL,97.120895525363,5,1542,2026-09-24,150.40379695612893
2026-09-26,MAA_DEL,98.24278460088269,5,1116,2026-09-25,147.7608782751587
2026-09-27,MAA_DEL,118.63075215782268,5,2288,2026-09-26,175.28984129282554
2026-09-28,MAA_DEL,95.08356575459679,5,1886,2026-09-27,166.6718315067921
2026-09-29,MAA_DEL,103.95563152208017,5,2237,2026-09-28,173.2647550123031
2026-09-30,MAA_DEL,114.7622490923244,5,2400,2026-09-29,198.84252973642492
2026-10-01,MAA_DEL,104.13273056910035,5,2410,2026-09-30,207.0601557472146
2026-10-02,MAA_DEL,100.89886841624282,5,2298,2026-10-01,208.92135408984947
