collection_date,advance_days,airfare_index
2026-07-01,1,99.99999999999997
2026-07-01,7,99.99999999999997
2026-07-01,15,99.99999999999997
2026-07-01,30,99.99999999999997
2026-07-01,45,99.99999999999997
2026-07-02,1,98.90440540225812
2026-07-02,7,100.48132979490858
2026-07-02,15,101.00521651488883
2026-07-02,30,108.16805013778173
2026-07-02,45,98.45310614521787
2026-07-03,1,109.01022525333536
2026-07-03,7,101.80208695765188
2026-07-03,15,108.34163891820879
2026-07-03,30,109.47621477138517
2026-07-03,45,90.05488439609528
2026-07-04,1,111.12412410524054
2026-07-04,7,109.69500368951388
2026-07-04,15,113.07760898128821
2026-07-04,30,97.42959792266768
2026-07-04,45,89.91650535382348
2026-07-05,1,98.22772702615434
2026-07-05,7,110.09398277167013
2026-07-05,15,102.26693246207975
2026-07-05,30,97.0894049548909
2026-07-05,45,89.10024267025192
2026-07-06,1,97.80917554021875
2026-07-06,7,102.10403518449604
2026-07-06,15,101.44062851954297
2026-07-06,30,98.51080012401009
2026-07-06,45,89.91625351762376
2026-07-07,1,100.21085532523183
2026-07-07,7,102.00941813248131
2026-07-07,15,100.03476784170795
2026-07-07,30,98.81355209604695
2026-07-07,45,87.89941393871052
2026-07-08,1,99.34915681733487
2026-07-08,7,102.29480698594057
2026-07-08,15,98.12896724052399
2026-07-08,30,98.53533100424278
2026-07-08,45,98.94142221215208
2026-07-09,1,100.25766383293585
2026-07-09,7,101.4495629355422
2026-07-09,15,100.27493974060742
2026-07-09,30,110.04882425040677
2026-07-09,45,99.79493857805438
2026-07-10,1,109.59337453808408
2026-07-10,7,99.01520908980308
2026-07-10,15,110.5541512794415
2026-07-10,30,108.6885568875504
2026-07-10,45,89.92720950094781
2026-07-11,1,110.43212866748566
2026-07-11,7,111.97195098237727
2026-07-11,15,109.91147444028151
2026-07-11,30,99.64566165145729
2026-07-11,45,90.47006156490545
2026-07-12,1,102.26119589915379
2026-07-12,7,110.67672840863392
2026-07-12,15,99.14253457528883
2026-07-12,30,98.98901624565698
2026-07-12,45,89.85879594544738
2026-07-13,1,96.01874956376815
2026-07-13,7,97.5776536524935
2026-07-13,15,99.6871248925176
2026-07-13,30,100.57360247436105
2026-07-13,45,89.30132067574426
2026-07-14,1,98.65461700214212
2026-07-14,7,101.50390134921713
2026-07-14,15,100.51862437304915
2026-07-14,30,97.89201508448575
2026-07-14,45,89.1357271334249
2026-07-15,1,97.46830202815411
2026-07-15,7,102.1567788197966
2026-07-15,15,100.67170586347774
2026-07-15,30,98.63887894678516
2026-07-15,45,98.66811991783958
2026-07-16,1,97.11059441489034
2026-07-16,7,100.57002700197965
2026-07-16,15,103.20789413192999
2026-07-16,30,107.12414962537284
2026-07-16,45,97.75771362293347
2026-07-17,1,107.58941895182645
2026-07-17,7,98.49595607814786
2026-07-17,15,112.26680219913689
2026-07-17,30,109.73013964627384
2026-07-17,45,87.9364089328944
2026-07-18,1,107.31419142266616
2026-07-18,7,112.68953445228922
2026-07-18,15,111.49844726177722
2026-07-18,30,98.9813388548195
2026-07-18,45,90.91628941368886
2026-07-19,1,97.49868021709956
2026-07-19,7,107.82415292077914
2026-07-19,15,100.95989560460553
2026-07-19,30,100.18105589908917
2026-07-19,45,90.83564329270267
2026-07-20,1,101.89591942836535
2026-07-20,7,101.53488668409184
2026-07-20,15,101.33941161770304
2026-07-20,30,98.72327368046533
2026-07-20,45,89.79154533984058
2026-07-21,1,97.20206384889752
2026-07-21,7,104.43907729749964
2026-07-21,15,102.94089679626757
2026-07-21,30,99.21507705929503
2026-07-21,45,90.32955130683489
2026-07-22,1,97.76955930116023
2026-07-22,7,104.10104395749954
2026-07-22,15,98.80535142972074
2026-07-22,30,97.16647796788175
2026-07-22,45,97.69493449149428
2026-07-23,1,98.03738107549533
2026-07-23,7,99.63643081353617
2026-07-23,15,100.38433839527328
2026-07-23,30,107.66091187257372
2026-07-23,45,99.28748239348519
2026-07-24,1,110.90782976494957
2026-07-24,7,100.19719525749531
2026-07-24,15,111.67801525557793
2026-07-24,30,107.09500695250054
2026-07-24,45,89.72438807033284
2026-07-25,1,109.33901644593898
2026-07-25,7,111.93025527864869
2026-07-25,15,112.15369128923533
2026-07-25,30,100.27196438948259
2026-07-25,45,90.98206449407911
2026-07-26,1,98.17219567470048
2026-07-26,7,112.69340513134014
2026-07-26,15,103.31591850922953
2026-07-26,30,96.76493691646982
2026-07-26,45,88.993432072883
2026-07-27,1,100.87697847735299
2026-07-27,7,100.50734264981361
2026-07-27,15,100.68207691550465
2026-07-27,30,98.70401399124862
2026-07-27,45,90.38380842651485
2026-07-28,1,100.45946183162478
2026-07-28,7,103.13802661955603
2026-07-28,15,101.05030564954889
2026-07-28,30,97.03213467725975
2026-07-28,45,90.91393521683159
2026-07-29,1,103.48066229964546
2026-07-29,7,98.39361908411738
2026-07-29,15,101.69804716809882
2026-07-29,30,98.48557224311139
2026-07-29,45,100.19952292457582
2026-07-30,1,99.39942105556439
2026-07-30,7,101.01167203188281
2026-07-30,15,99.01991999457472
2026-07-30,30,105.50679298943622
2026-07-30,45,98.41242906841036
2026-07-31,1,107.7592067212406
2026-07-31,7,101.93056989580283
2026-07-31,15,109.46692872313811
2026-07-31,30,108.34305386267732
2026-07-31,45,87.02454749599154
2026-08-01,1,109.2463297151516
2026-08-01,7,111.20814827018214
2026-08-01,15,111.42096511754995
2026-08-01,30,96.41312173242007
2026-08-01,45,90.70131619027704
2026-08-02,1,98.86217148219082
2026-08-02,7,114.2924606036784
2026-08-02,15,101.39493592764093
2026-08-02,30,97.02718481478247
2026-08-02,45,89.20605218812206
2026-08-03,1,101.66721586199871
2026-08-03,7,102.20578664449133
2026-08-03,15,99.22273220772352
2026-08-03,30,97.60310448108307
2026-08-03,45,88.22918877576456
2026-08-04,1,98.87172875325388
2026-08-04,7,101.6059789347113
2026-08-04,15,103.86125812397734
2026-08-04,30,95.94724554486852
2026-08-04,45,90.02572264924507
2026-08-05,1,99.54667865473924
2026-08-05,7,98.65083552236388
2026-08-05,15,102.17683887297697
2026-08-05,30,97.52762326273474
2026-08-05,45,98.34750003336958
2026-08-06,1,99.62304842994364
2026-08-06,7,98.25623950816014
2026-08-06,15,101.89334992406808
2026-08-06,30,105.69380107874542
2026-08-06,45,99.81841488921854
2026-08-07,1,109.09562628360496
2026-08-07,7,100.11385356975808
2026-08-07,15,111.76006219470457
2026-08-07,30,111.17987510905705
2026-08-07,45,88.63848790447356
2026-08-08,1,110.00281995868376
2026-08-08,7,111.42475876590666
2026-08-08,15,111.47199644325497
2026-08-08,30,96.39838464263828
2026-08-08,45,86.5290461309969
2026-08-09,1,97.71405989225462
2026-08-09,7,110.11198305998602
2026-08-09,15,98.41464106789424
2026-08-09,30,101.20317346983488
2026-08-09,45,89.3356725742456
2026-08-10,1,99.60092966107462
2026-08-10,7,102.73791071532357
2026-08-10,15,99.44045483873609
2026-08-10,30,100.31847549604146
2026-08-10,45,89.95190175253593
2026-08-11,1,98.3077623168451
2026-08-11,7,99.70117650368358
2026-08-11,15,102.95772179778061
2026-08-11,30,98.59868159415892
2026-08-11,45,89.47817597963099
2026-08-12,1,100.06308582375327
2026-08-12,7,99.57418278240621
2026-08-12,15,100.96836846151433
2026-08-12,30,97.7158701428225
2026-08-12,45,99.06947274125885
2026-08-13,1,98.88097855042354
2026-08-13,7,100.08516580965916
2026-08-13,15,100.59768836483114
2026-08-13,30,107.39263938464853
2026-08-13,45,100.39928040019264
2026-08-14,1,106.0173648578226
2026-08-14,7,101.27782728163456
2026-08-14,15,110.1867907356681
2026-08-14,30,106.23755152574662
2026-08-14,45,88.83610313123701
2026-08-15,1,111.65908744775804
2026-08-15,7,110.22484361231446
2026-08-15,15,109.92179599773408
2026-08-15,30,97.29533581343587
2026-08-15,45,89.9921317903391
2026-08-16,1,99.57636592753023
2026-08-16,7,111.58090618800719
2026-08-16,15,102.09226582871283
2026-08-16,30,96.83260634490924
2026-08-16,45,90.25337665816369
2026-08-17,1,98.29110487105677
2026-08-17,7,100.26100780968153
2026-08-17,15,101.08726336446053
2026-08-17,30,95.68859030040126
2026-08-17,45,89.05505554808944
2026-08-18,1,99.14810136356525
2026-08-18,7,101.67530086873488
2026-08-18,15,102.55184206685826
2026-08-18,30,101.24046545418545
2026-08-18,45,87.85812516344832
2026-08-19,1,97.77003805534164
2026-08-19,7,99.6573667655208
2026-08-19,15,99.56239087700317
2026-08-19,30,97.60579879826514
2026-08-19,45,97.87850761232427
2026-08-20,1,98.76036518667173
2026-08-20,7,99.66118830897382
2026-08-20,15,100.91775667084822
2026-08-20,30,107.69763268887198
2026-08-20,45,97.70700760519964
2026-08-21,1,107.03937681087582
2026-08-21,7,101.7025831392011
2026-08-21,15,111.57172438299816
2026-08-21,30,109.18758278120615
2026-08-21,45,89.1503645941099
2026-08-22,1,110.52203383716818
2026-08-22,7,111.7260326140748
2026-08-22,15,112.50211600285837
2026-08-22,30,97.99266833017009
2026-08-22,45,90.83051396411791
2026-08-23,1,98.39716977116723
2026-08-23,7,114.73368002952711
2026-08-23,15,101.95192498006419
2026-08-23,30,98.79537737786507
2026-08-23,45,90.1984969844472
2026-08-24,1,101.10189137031412
2026-08-24,7,101.5444638698063
2026-08-24,15,99.8297351776496
2026-08-24,30,99.17304769284799
2026-08-24,45,88.15621204646433
2026-08-25,1,96.88136714063616
2026-08-25,7,101.85257931622152
2026-08-25,15,101.76008996295636
2026-08-25,30,100.29674985028613
2026-08-25,45,89.78087428983726
2026-08-26,1,98.76059389478665
2026-08-26,7,102.2913678690909
2026-08-26,15,100.59098438039202
2026-08-26,30,98.5014127342368
2026-08-26,45,98.07813022472692
2026-08-27,1,100.10044782102565
2026-08-27,7,100.2355586718428
2026-08-27,15,103.09995858599771
2026-08-27,30,105.03596998114273
2026-08-27,45,99.26993455599228
2026-08-28,1,112.45744295085213
2026-08-28,7,102.03521777282774
2026-08-28,15,107.86313812572624
2026-08-28,30,106.24189202490824
2026-08-28,45,90.99304967259005
2026-08-29,1,110.22351709961293
2026-08-29,7,110.77353791848226
2026-08-29,15,109.3761534360364
2026-08-29,30,98.40804443247568
2026-08-29,45,87.98680931669942
2026-08-30,1,100.81052787126292
2026-08-30,7,108.5271629941576
2026-08-30,15,103.22798353708093
2026-08-30,30,97.75779468963883
2026-08-30,45,90.14116383591772
2026-08-31,1,98.56360139933669
2026-08-31,7,103.0620285497408
2026-08-31,15,98.13184087952695
2026-08-31,30,99.36616373630902
2026-08-31,45,86.94335361499012
2026-09-01,1,97.93621918919685
2026-09-01,7,98.23184724380235
2026-09-01,15,98.58176611753034
2026-09-01,30,98.70547957171986
2026-09-01,45,87.04970246521735
2026-09-02,1,101.2898097250637
2026-09-02,7,99.43992700801263
2026-09-02,15,100.32435935445395
2026-09-02,30,97.82003947960747
2026-09-02,45,98.11380182446389
2026-09-03,1,98.16196777063074
2026-09-03,7,99.29538601748828
2026-09-03,15,101.3469431283841
2026-09-03,30,105.78689278857632
2026-09-03,45,97.1388783718275
